City_ID,City,Country,Date,Lat,Lng,Max Temp,Humidity,Cloudiness,Wind Speed
0,Longyearbyen,SJ,2021-05-28 14:24:14,78.2186,15.6401,30.04,64,40,9.22
1,Ushuaia,AR,2021-05-28 14:24:14,-54.8,-68.3,31.66,93,75,20.71
2,Arraial Do Cabo,BR,2021-05-28 14:24:06,-22.9661,-42.0278,84.16,69,0,11.5
3,Hermanus,ZA,2021-05-28 14:24:15,-34.4187,19.2345,67.8,80,34,21.5
4,Kaitangata,NZ,2021-05-28 14:24:15,-46.2817,169.8464,43.99,92,100,3.58
5,Rikitea,PF,2021-05-28 14:24:16,-23.1203,-134.9692,72.64,67,40,12.41
6,Zephyrhills,US,2021-05-28 14:24:16,28.2336,-82.1812,86.72,64,1,3.18
7,Kamina,CD,2021-05-28 14:20:21,-8.7386,24.9906,82.83,25,15,4.05
8,Nanortalik,GL,2021-05-28 14:24:17,60.1432,-45.2371,40.55,75,14,6.93
9,Nantucket,US,2021-05-28 14:20:37,41.2835,-70.0995,59.07,77,96,19.26
10,Mataura,NZ,2021-05-28 14:24:18,-46.1927,168.8643,41.81,99,100,1.23
11,Punta Arenas,CL,2021-05-28 14:24:20,-53.15,-70.9167,35.62,80,40,19.91
12,Albany,US,2021-05-28 14:24:21,42.6001,-73.9662,55.27,55,100,6.6
13,Seydi,TM,2021-05-28 14:24:21,39.4816,62.9137,101.05,10,86,14.92
14,Cape Town,ZA,2021-05-28 14:24:22,-33.9258,18.4232,64.89,85,75,8.01
15,Le Port,RE,2021-05-28 14:24:22,-20.9373,55.2919,76.96,70,3,6.08
16,Tuktoyaktuk,CA,2021-05-28 14:24:23,69.4541,-133.0374,24.8,93,75,8.05
17,Verkhoyansk,RU,2021-05-28 14:24:23,67.5447,133.385,51.39,64,16,7.65
18,Hassleholm,SE,2021-05-28 14:24:25,56.1591,13.7664,61.25,90,100,3.98
19,Bredasdorp,ZA,2021-05-28 14:24:26,-34.5322,20.0403,69.12,52,1,18.54
20,Belmonte,BR,2021-05-28 14:24:26,-15.8631,-38.8828,82.9,62,6,3.74
21,Victoria,HK,2021-05-28 14:24:06,22.2855,114.1577,88.32,80,70,5.99
22,Thompson,CA,2021-05-28 14:24:27,55.7435,-97.8558,51.96,37,75,13.8
23,Khatanga,RU,2021-05-28 14:24:29,71.9667,102.5,35.28,97,100,11.7
24,Kalmunai,LK,2021-05-28 14:24:29,7.4167,81.8167,84.09,71,58,3.56
25,Kutum,SD,2021-05-28 14:24:29,14.2,24.6667,96.44,8,21,11.61
26,East London,ZA,2021-05-28 14:24:30,-33.0153,27.9116,68.94,60,0,14.97
27,Ponta Do Sol,PT,2021-05-28 14:24:31,32.6667,-17.1,76.01,75,30,1.3
28,Tarauaca,BR,2021-05-28 14:24:31,-8.1614,-70.7656,84.18,60,7,2.51
29,Puerto Ayora,EC,2021-05-28 14:23:00,-0.7393,-90.3518,76.96,96,90,5.01
30,Wasilla,US,2021-05-28 14:22:34,61.5814,-149.4394,50.07,88,100,1.01
31,Baie-Comeau,CA,2021-05-28 14:24:32,49.2168,-68.1489,42.28,45,90,16.37
32,Barrow,US,2021-05-28 14:24:34,71.2906,-156.7887,22.98,95,27,7.23
33,Georgetown,MY,2021-05-28 14:24:35,5.4112,100.3354,84.15,85,20,0.0
34,Gizo,SB,2021-05-28 14:24:36,-8.103,156.8419,78.21,87,100,5.19
35,Saint-Pierre,RE,2021-05-28 14:24:37,-21.3393,55.4781,76.64,73,75,2.3
36,Hilo,US,2021-05-28 14:24:38,19.7297,-155.09,69.24,88,94,4.0
37,Salinopolis,BR,2021-05-28 14:24:39,-0.6136,-47.3561,84.38,66,20,7.2
38,Jiayuguan,CN,2021-05-28 14:24:40,39.8167,98.3,77.85,9,96,18.7
39,Arlit,NE,2021-05-28 14:24:41,18.7369,7.3853,107.04,3,100,10.71
40,Hobart,AU,2021-05-28 14:21:57,-42.8794,147.3294,46.26,69,90,1.01
41,Faya,SA,2021-05-28 14:24:42,18.3851,42.4509,80.71,23,40,0.22
42,Bengkulu,ID,2021-05-28 14:24:42,-3.8004,102.2655,77.74,88,100,3.29
43,Grand Gaube,MU,2021-05-28 14:24:43,-20.0064,57.6608,77.38,73,25,4.0
44,Pevek,RU,2021-05-28 14:24:44,69.7008,170.3133,33.26,75,100,2.37
45,Nicoya,CR,2021-05-28 14:24:45,10.1483,-85.452,81.95,65,27,7.81
46,Yeppoon,AU,2021-05-28 14:24:46,-23.1333,150.7333,51.58,48,3,5.82
47,Castro,BR,2021-05-28 14:24:47,-24.7911,-50.0119,69.93,65,98,10.04
48,Baruun-Urt,MN,2021-05-28 14:24:47,46.6806,113.2792,46.26,73,32,5.26
49,Vaini,TO,2021-05-28 14:24:48,-21.2,-175.2,62.76,100,40,0.0
50,Yambio,SS,2021-05-28 14:24:48,4.5721,28.3955,86.04,57,29,2.59
51,Jamestown,US,2021-05-28 14:24:50,42.097,-79.2353,48.29,92,100,8.01
52,Havre-Saint-Pierre,CA,2021-05-28 14:24:50,50.2334,-63.5986,41.36,56,90,20.71
53,Leningradskiy,RU,2021-05-28 14:24:51,69.3833,178.4167,25.25,95,16,9.35
54,Nkhotakota,MW,2021-05-28 14:24:51,-12.9274,34.2961,74.64,45,0,3.98
55,Grindavik,IS,2021-05-28 14:24:51,63.8424,-22.4338,54.55,93,90,46.57
56,Upernavik,GL,2021-05-28 14:24:52,72.7868,-56.1549,35.51,87,12,1.45
57,Fortuna,US,2021-05-28 14:24:53,40.5982,-124.1573,54.43,69,90,1.99
58,Talnakh,RU,2021-05-28 14:24:54,69.4865,88.3972,30.88,91,89,4.74
59,Ourossogui,SN,2021-05-28 14:24:54,15.6064,-13.3211,107.1,10,8,11.14
60,Los Llanos De Aridane,ES,2021-05-28 14:24:55,28.6585,-17.9182,69.55,76,40,10.78
61,Port Elizabeth,ZA,2021-05-28 14:24:56,-33.918,25.5701,71.1,60,0,24.16
62,Cabedelo,BR,2021-05-28 14:24:57,-6.9811,-34.8339,84.87,77,88,15.55
63,Aklavik,CA,2021-05-28 14:24:57,68.2191,-135.0107,29.12,80,90,13.8
64,Ornskoldsvik,SE,2021-05-28 14:20:31,63.2909,18.7153,60.62,47,0,5.53
65,Babylon,US,2021-05-28 14:23:49,40.6957,-73.3257,65.32,47,93,1.01
66,Coromandel,BR,2021-05-28 14:24:58,-18.4733,-47.2003,81.41,43,79,11.32
67,Port Lincoln,AU,2021-05-28 14:25:00,-34.7333,135.8667,58.28,68,100,11.23
68,Hornepayne,CA,2021-05-28 14:25:00,49.2138,-84.7705,46.72,32,0,6.42
69,Lompoc,US,2021-05-28 14:21:17,34.6391,-120.4579,57.11,100,90,8.14
70,Kodiak,US,2021-05-28 14:25:01,57.79,-152.4072,46.42,91,100,3.2
71,Saskylakh,RU,2021-05-28 14:25:02,71.9167,114.0833,36.36,75,45,6.93
72,Ribeira Grande,PT,2021-05-28 14:25:03,38.5167,-28.7,64.8,68,20,9.22
73,Malgrat De Mar,ES,2021-05-28 14:25:04,41.6466,2.7414,83.57,66,54,7.0
74,Bassila,BJ,2021-05-28 14:25:05,9.0081,1.6654,95.4,36,50,5.26
75,Abbeville,FR,2021-05-28 14:25:06,50.1,1.8333,69.69,55,89,6.73
76,Gimli,CA,2021-05-28 14:25:07,50.6336,-96.9907,53.44,43,6,11.5
77,Cervo,ES,2021-05-28 14:25:07,43.6702,-7.4101,80.19,72,23,9.15
78,Honiara,SB,2021-05-28 14:22:35,-9.4333,159.95,76.51,87,100,3.83
79,Peniche,PT,2021-05-28 14:25:08,39.3558,-9.3811,82.35,67,70,14.2
80,Inhuma,BR,2021-05-28 14:25:09,-6.6683,-41.7078,87.48,39,100,7.34
81,Saint Anthony,US,2021-05-28 14:25:10,45.0205,-93.218,46.09,74,40,1.99
82,Florianopolis,BR,2021-05-28 14:24:03,-27.6146,-48.5012,71.4,75,20,4.61
83,Port Alfred,ZA,2021-05-28 14:25:10,-33.5906,26.891,68.18,62,0,20.29
84,Acapulco,MX,2021-05-28 14:25:11,16.8634,-99.8901,84.02,74,75,1.77
85,Mahebourg,MU,2021-05-28 14:25:12,-20.4081,57.7,77.25,83,40,0.0
86,Liuhe,CN,2021-05-28 14:25:12,42.2401,125.7172,48.69,95,100,2.06
87,Yellowknife,CA,2021-05-28 14:25:13,62.456,-114.3525,46.92,66,40,8.05
88,Chapais,CA,2021-05-28 14:25:13,49.7834,-74.8492,35.38,31,0,10.92
89,Bluff,NZ,2021-05-28 14:25:14,-46.6,168.3333,46.29,70,100,8.59
90,Acarau,BR,2021-05-28 14:25:14,-2.8856,-40.12,85.28,61,13,11.86
91,San Cristobal,VE,2021-05-28 14:23:43,7.7669,-72.225,71.78,52,22,4.68
92,Kavieng,PG,2021-05-28 14:25:15,-2.5744,150.7967,81.72,79,100,7.47
93,Zhanakorgan,KZ,2021-05-28 14:25:16,43.9098,67.2495,93.63,18,68,12.97
94,Hithadhoo,MV,2021-05-28 14:25:16,-0.6,73.0833,82.62,76,98,17.6
95,Atuona,PF,2021-05-28 14:25:17,-9.8,-139.0333,79.07,76,23,12.8
96,Arman,RU,2021-05-28 14:25:18,59.7,150.1667,38.43,96,100,1.03
97,Haljala,EE,2021-05-28 14:25:19,59.4336,26.2614,49.35,77,100,9.26
98,Binzhou,CN,2021-05-28 14:25:20,37.3667,118.0167,70.95,21,0,8.72
99,Necochea,AR,2021-05-28 14:25:20,-38.5473,-58.7368,60.04,47,5,18.92
100,Geraldton,AU,2021-05-28 14:25:21,-28.7667,114.6,72.01,73,75,15.86
101,Luderitz,NA,2021-05-28 14:23:13,-26.6481,15.1594,68.34,52,42,17.74
102,Severo-Kurilsk,RU,2021-05-28 14:25:21,50.6789,156.125,39.04,92,97,7.11
103,Erdaojiang,CN,2021-05-28 14:25:22,41.7764,126.0319,49.05,98,100,1.92
104,Netivot,IL,2021-05-28 14:25:22,31.4222,34.5886,83.61,42,0,12.48
105,Hobyo,SO,2021-05-28 14:25:23,5.3505,48.5268,81.21,74,75,20.24
106,Busselton,AU,2021-05-28 14:25:23,-33.65,115.3333,62.04,91,100,17.54
107,Maragogi,BR,2021-05-28 14:25:23,-9.0122,-35.2225,81.43,66,26,13.47
108,Sitka,US,2021-05-28 14:25:24,57.0531,-135.33,46.29,87,90,5.75
109,Haines Junction,CA,2021-05-28 14:25:24,60.7522,-137.5108,33.75,86,100,1.14
110,Mnogovershinnyy,RU,2021-05-28 14:25:25,53.9353,139.9242,41.32,65,66,3.24
111,Pampa,US,2021-05-28 14:25:26,35.5362,-100.9599,57.24,88,1,11.5
112,Petropavl,KZ,2021-05-28 14:25:27,54.8753,69.1628,67.21,43,3,1.16
113,Cayenne,GF,2021-05-28 14:25:28,4.9333,-52.3333,82.44,78,75,1.54
114,Namatanai,PG,2021-05-28 14:25:29,-3.6667,152.4333,79.83,84,100,10.8
115,Comodoro Rivadavia,AR,2021-05-28 14:22:33,-45.8667,-67.5,37.26,56,40,13.8
116,Clyde River,CA,2021-05-28 14:25:29,70.4692,-68.5914,26.83,93,40,0.0
117,Mar Del Plata,AR,2021-05-28 14:25:30,-38.0023,-57.5575,62.62,43,0,7.0
118,Tasiilaq,GL,2021-05-28 14:25:31,65.6145,-37.6368,41.16,86,100,26.22
119,Kribi,CM,2021-05-28 14:25:31,2.95,9.9167,82.26,82,100,9.28
120,Yar-Sale,RU,2021-05-28 14:25:33,66.8333,70.8333,44.98,35,37,6.24
121,Port Blair,IN,2021-05-28 14:25:33,11.6667,92.75,82.45,81,100,4.32
122,Poum,NC,2021-05-28 14:25:34,-20.2333,164.0167,72.75,71,5,16.51
123,Wyndham,US,2021-05-28 14:25:34,37.6985,-77.6125,80.76,77,65,1.01
124,Mount Gambier,AU,2021-05-28 14:25:35,-37.8333,140.7667,40.91,93,90,0.0
125,Nikolskoye,RU,2021-05-28 14:25:36,59.7035,30.7861,60.78,60,76,9.22
126,Kuroiso,JP,2021-05-28 14:25:36,36.9667,140.05,60.4,83,100,1.19
127,Port Macquarie,AU,2021-05-28 14:25:37,-31.4333,152.9167,55.36,65,99,21.05
128,Obo,CF,2021-05-28 14:25:37,5.3998,26.4869,87.53,56,57,2.46
129,Juegang,CN,2021-05-28 14:25:38,32.3174,121.1855,66.09,65,97,6.42
130,Zhukovka,RU,2021-05-28 14:25:38,53.534,33.728,71.87,68,57,3.98
131,Kiunga,PG,2021-05-28 14:25:39,-6.1219,141.2906,73.96,97,99,3.58
132,Bambous Virieux,MU,2021-05-28 14:25:40,-20.3428,57.7575,77.22,83,40,7.65
133,Raga,SS,2021-05-28 14:25:40,8.4596,25.678,95.56,31,13,5.19
134,Marzuq,YE,2021-05-28 14:25:41,14.4,46.4667,90.16,19,60,10.71
135,Kargil,IN,2021-05-28 14:25:41,34.5667,76.1,51.04,27,8,8.16
136,Avarua,CK,2021-05-28 14:25:42,-21.2078,-159.775,71.65,100,20,1.14
137,Lodwar,KE,2021-05-28 14:25:42,3.1191,35.5973,94.5,26,88,9.93
138,Wanning,CN,2021-05-28 14:25:42,18.8003,110.3967,82.69,83,100,9.17
139,Hasaki,JP,2021-05-28 14:25:43,35.7333,140.8333,67.17,73,100,16.02
140,Alofi,NU,2021-05-28 14:25:44,-19.0595,-169.9187,73.29,94,100,1.14
141,Lebu,CL,2021-05-28 14:25:45,-37.6167,-73.65,54.37,85,100,7.67
142,Eldorado,BR,2021-05-28 14:25:46,-23.7869,-54.2836,85.05,43,100,14.74
143,Kyzyl-Suu,KG,2021-05-28 14:25:47,42.3414,78.0056,60.26,60,52,1.48
144,El Dorado,US,2021-05-28 14:23:14,38.7666,-120.5177,63.57,35,0,3.0
145,Makungu,TZ,2021-05-28 14:25:48,-8.7333,35.2833,67.08,68,89,5.88
146,Saint George,US,2021-05-28 14:22:35,37.1041,-113.5841,82.35,17,0,2.37
147,Butaritari,KI,2021-05-28 14:25:49,3.0707,172.7902,82.13,81,94,14.03
148,Norman Wells,CA,2021-05-28 14:25:50,65.282,-126.8329,32.04,100,90,9.22
149,Palauig,PH,2021-05-28 14:25:51,15.435,119.9045,83.41,80,59,7.67
150,Avera,US,2021-05-28 14:25:51,33.194,-82.5271,82.71,60,9,9.71
151,Chuy,UY,2021-05-28 14:25:52,-33.6971,-53.4616,64.4,63,25,10.89
152,Provideniya,RU,2021-05-28 14:25:52,64.3833,-173.3,38.97,58,4,12.37
153,Dikson,RU,2021-05-28 14:25:53,73.5069,80.5464,29.43,88,100,4.03
154,Karangampel,ID,2021-05-28 14:25:53,-6.4622,108.4519,82.53,76,21,7.83
155,Katsuura,JP,2021-05-28 14:25:54,35.1333,140.3,70.11,85,100,20.56
156,Hami,CN,2021-05-28 14:25:54,42.8,93.45,84.04,20,35,7.58
157,Juneau,US,2021-05-28 14:25:55,58.3019,-134.4197,47.21,98,100,1.99
158,Camacha,PT,2021-05-28 14:25:55,33.0833,-16.3333,72.54,60,20,10.36
159,Kapaa,US,2021-05-28 14:22:20,22.0752,-159.319,75.52,84,75,8.88
160,Diu,IN,2021-05-28 14:25:56,20.7141,70.9822,86.13,68,61,14.12
161,Klaksvik,FO,2021-05-28 14:25:57,62.2266,-6.589,50.92,81,80,16.02
162,Ballina,AU,2021-05-28 14:25:57,-28.8667,153.5667,58.96,60,46,12.66
163,Mbandaka,CD,2021-05-28 14:25:58,0.0487,18.2603,87.4,50,98,2.21
164,Pisco,PE,2021-05-28 14:25:58,-13.7,-76.2167,65.01,94,90,5.75
165,Kijang,KR,2021-05-28 14:25:59,35.2442,129.2139,62.33,73,7,9.71
166,Enid,US,2021-05-28 14:26:01,36.3956,-97.8784,61.02,81,1,8.01
167,Ketchikan,US,2021-05-28 14:26:02,55.3422,-131.6461,47.79,83,93,1.57
168,Husavik,IS,2021-05-28 14:26:03,66.0449,-17.3389,62.51,53,7,17.9
169,Blythe,US,2021-05-28 14:26:04,33.6103,-114.5964,80.04,16,0,3.06
170,Cabo San Lucas,MX,2021-05-28 14:26:05,22.8909,-109.9124,84.4,55,39,8.5
171,Lorengau,PG,2021-05-28 14:26:05,-2.0226,147.2712,80.82,82,78,7.25
172,Yasothon,TH,2021-05-28 14:26:06,15.75,104.1333,82.53,73,63,6.58
173,Jining,CN,2021-05-28 14:26:07,35.405,116.5814,70.9,18,4,8.14
174,Dickinson,US,2021-05-28 14:26:08,29.4608,-95.0513,83.03,80,75,6.69
175,Anori,BR,2021-05-28 14:26:08,-3.7728,-61.6442,86.97,61,97,2.95
176,Waipawa,NZ,2021-05-28 14:26:10,-41.4122,175.5153,50.04,86,43,3.44
177,Tateyama,JP,2021-05-28 14:26:11,34.9833,139.8667,70.02,89,100,18.92
178,Omboue,GA,2021-05-28 14:26:12,-1.5746,9.2618,82.53,74,87,8.19
179,Sambava,MG,2021-05-28 14:26:12,-14.2667,50.1667,78.08,75,2,12.59
180,Gambela,ET,2021-05-28 14:26:14,8.25,34.5833,88.16,48,34,2.77
181,Gravelbourg,CA,2021-05-28 14:26:14,49.8834,-106.5512,43.07,65,99,16.44
182,Plettenberg Bay,ZA,2021-05-28 14:26:15,-34.0527,23.3716,65.89,61,0,11.01
183,Saint-Philippe,RE,2021-05-28 14:26:16,-21.3585,55.7679,76.55,75,51,4.0
184,Port Hardy,CA,2021-05-28 14:26:16,50.6996,-127.4199,46.58,93,90,2.3
185,Maddur,IN,2021-05-28 14:26:17,12.6,77.0667,90.9,62,83,11.92
186,Mangan,IN,2021-05-28 14:26:18,27.5167,88.5333,73.71,87,100,3.15
187,Korla,CN,2021-05-28 14:26:19,41.7597,86.1469,86.52,13,2,7.61
188,Guerrero Negro,MX,2021-05-28 14:26:20,27.9769,-114.0611,58.98,78,4,12.82
189,Chokurdakh,RU,2021-05-28 14:24:13,70.6333,147.9167,42.15,71,12,12.12
190,Prainha,BR,2021-05-28 14:26:21,-1.8,-53.48,84.47,64,87,3.67
191,Corn Island,NI,2021-05-28 14:26:22,12.1694,-83.0418,81.01,79,99,14.58
192,Meulaboh,ID,2021-05-28 14:26:22,4.1363,96.1285,77.27,92,100,4.88
193,Kismayo,SO,2021-05-28 14:26:22,-0.3582,42.5454,80.89,70,52,15.41
194,Bethel,US,2021-05-28 14:26:23,41.3712,-73.414,63.0,55,26,7.4
195,Kristiinankaupunki,FI,2021-05-28 14:26:23,62.2743,21.376,54.1,47,3,10.96
196,Seoul,KR,2021-05-28 14:21:33,37.5683,126.9778,61.99,77,75,9.35
197,Kodinsk,RU,2021-05-28 14:26:24,58.6881,99.1844,42.08,92,100,10.42
198,Ewo,CG,2021-05-28 14:26:25,-0.8725,14.8206,87.15,54,100,3.42
199,Tuatapere,NZ,2021-05-28 14:26:25,-46.1333,167.6833,43.23,85,100,3.83
200,Asau,RO,2021-05-28 14:26:26,46.4333,26.4,62.96,86,100,3.29
201,Swabi,PK,2021-05-28 14:26:26,34.1199,72.4699,95.54,16,52,9.95
202,Plattsburgh,US,2021-05-28 14:26:27,44.6995,-73.4529,49.5,45,100,1.01
203,New Norfolk,AU,2021-05-28 14:26:27,-42.7826,147.0587,45.91,65,37,1.01
204,Carnarvon,AU,2021-05-28 14:26:28,-24.8667,113.6333,73.47,88,75,3.44
205,Sucre,BO,2021-05-28 14:24:57,-19.0333,-65.2627,61.9,41,77,2.55
206,Kresttsy,RU,2021-05-28 14:26:28,58.2452,32.5165,62.8,53,22,9.28
207,Mezen,RU,2021-05-28 14:26:29,65.8522,44.24,44.8,82,100,1.95
208,Tlalchapa,MX,2021-05-28 14:26:29,18.4,-100.4667,82.71,48,100,1.34
209,Aykhal,RU,2021-05-28 14:26:29,66.0,111.5,49.78,69,100,12.28
210,Johnstown,US,2021-05-28 14:24:53,40.3267,-78.922,69.53,82,90,12.66
211,Anchorage,US,2021-05-28 14:24:36,61.2181,-149.9003,50.99,68,90,5.75
212,Rocha,UY,2021-05-28 14:26:30,-34.4833,-54.3333,65.43,65,18,10.36
213,Komsomolskiy,UZ,2021-05-28 14:26:31,40.4272,71.7189,89.02,22,0,4.61
214,Panormos,GR,2021-05-28 14:26:32,35.4182,24.6909,80.02,50,82,11.74
215,Chulym,RU,2021-05-28 14:26:32,55.0997,80.9572,50.38,64,33,8.43
216,Rosario,AR,2021-05-28 14:23:26,-32.9468,-60.6393,65.95,78,0,1.99
217,Ancud,CL,2021-05-28 14:26:33,-41.8697,-73.8203,49.42,69,97,12.03
218,Lambarene,GA,2021-05-28 14:26:34,-0.7001,10.2406,86.02,74,90,1.05
219,Markivka,UA,2021-05-28 14:26:36,49.5229,39.5705,76.51,57,92,5.39
220,Mundo Nuevo,MX,2021-05-28 14:26:36,18.7,-95.5,83.44,67,65,1.05
221,Qaanaaq,GL,2021-05-28 14:26:04,77.484,-69.3632,40.42,84,82,5.79
222,Maningrida,AU,2021-05-28 14:26:37,-12.0667,134.2667,73.67,70,34,11.95
223,Madaoua,NE,2021-05-28 14:25:09,14.073,5.96,106.48,4,36,12.97
224,College,US,2021-05-28 14:22:41,64.8569,-147.8028,37.65,61,1,4.61
225,Vardo,NO,2021-05-28 14:26:37,70.3705,31.1107,39.4,100,75,12.66
226,Temir,KZ,2021-05-28 14:26:39,49.1414,57.13,85.73,28,75,13.96
227,Karacakoy,TR,2021-05-28 14:26:39,41.4029,28.3834,73.24,69,32,11.07
228,Tobol,KZ,2021-05-28 14:26:41,52.6844,62.5794,74.82,25,0,5.17
229,Goderich,CA,2021-05-28 14:26:37,43.7501,-81.7165,41.56,87,100,14.97
230,Fairbanks,US,2021-05-28 14:26:42,64.8378,-147.7164,37.09,61,1,4.61
231,Nautla,MX,2021-05-28 14:26:42,20.2167,-96.7833,81.09,74,16,3.27
232,Muzhi,RU,2021-05-28 14:26:43,65.3667,64.6667,53.49,32,99,8.19
233,Vestmannaeyjar,IS,2021-05-28 14:26:44,63.4427,-20.2734,47.39,93,90,46.04
234,Altay,CN,2021-05-28 14:26:45,47.8667,88.1167,65.41,35,0,9.78
235,Sao Filipe,CV,2021-05-28 14:26:46,14.8961,-24.4956,73.24,76,1,16.46
236,Talara,PE,2021-05-28 14:26:47,-4.5772,-81.2719,72.36,78,40,16.11
237,Touros,BR,2021-05-28 14:26:49,-5.1989,-35.4608,86.9,59,34,15.99
238,Ahipara,NZ,2021-05-28 14:26:09,-35.1667,173.1667,58.21,88,72,16.73
239,Ostrovnoy,RU,2021-05-28 14:26:50,68.0531,39.5131,39.96,68,68,17.65
240,Lata,PT,2021-05-28 14:26:51,40.1629,-8.3327,87.71,50,9,10.85
241,Homer,US,2021-05-28 14:26:51,59.6425,-151.5483,48.07,77,8,4.0
242,Umm Lajj,SA,2021-05-28 14:26:52,25.0213,37.2685,88.0,56,8,4.68
243,Lavrentiya,RU,2021-05-28 14:26:53,65.5833,-171.0,26.83,89,6,11.99
244,Labrea,BR,2021-05-28 14:26:54,-7.2586,-64.7981,84.29,60,98,3.13
245,Chato,TZ,2021-05-28 14:26:54,-2.6378,31.7669,80.96,48,51,4.79
246,Anadyr,RU,2021-05-28 14:26:55,64.75,177.4833,32.0,93,0,7.78
247,Komsomolets,KZ,2021-05-28 14:26:56,53.7453,62.0708,75.54,28,0,5.73
248,Dunedin,NZ,2021-05-28 14:26:57,-45.8742,170.5036,46.8,88,100,5.99
249,Presidencia Roque Saenz Pena,AR,2021-05-28 14:26:58,-26.7852,-60.4388,79.92,54,59,10.51
250,Ahuimanu,US,2021-05-28 14:26:59,21.4447,-157.8378,74.86,75,24,10.07
251,Kautokeino,NO,2021-05-28 14:27:00,69.0125,23.0412,39.69,60,29,19.48
252,Bani,DO,2021-05-28 14:27:01,18.2833,-70.3333,83.86,53,2,9.71
253,Nizhneudinsk,RU,2021-05-28 14:27:02,54.9076,99.0276,41.9,78,100,10.76
254,Hambantota,LK,2021-05-28 14:27:03,6.1241,81.1185,84.54,79,0,20.71
255,Bonavista,CA,2021-05-28 14:27:03,48.6499,-53.1147,53.6,59,21,9.35
256,Teahupoo,PF,2021-05-28 14:27:03,-17.8333,-149.2667,69.76,70,50,2.15
257,Cayambe,EC,2021-05-28 14:27:04,0.05,-78.1333,54.66,61,60,1.12
258,Le Moule,GP,2021-05-28 14:27:04,16.3332,-61.3473,87.84,71,14,12.21
259,Blagoyevo,RU,2021-05-28 14:27:05,63.3667,47.9167,50.76,97,100,6.78
260,Hwange,ZW,2021-05-28 14:27:05,-18.3693,26.5019,80.62,18,0,2.55
261,Maketu,NZ,2021-05-28 14:27:06,-37.7667,176.45,52.95,97,60,1.9
262,Rodrigues Alves,BR,2021-05-28 14:27:06,-7.738,-72.6509,84.4,65,6,2.71
263,Constitucion,CL,2021-05-28 14:27:07,-35.3333,-72.4167,55.74,74,52,1.81
264,Makakilo City,US,2021-05-28 14:27:08,21.3469,-158.0858,73.69,80,75,9.8
265,Black River,JM,2021-05-28 14:27:09,18.0264,-77.8487,85.98,67,95,1.72
266,Waddan,LY,2021-05-28 14:27:10,29.1614,16.139,104.7,8,16,5.91
267,Wagar,SD,2021-05-28 14:27:11,16.1525,36.2032,107.67,12,10,8.75
268,Iranshahr,IR,2021-05-28 14:27:12,27.2025,60.6848,106.14,8,0,11.5
269,Adrar,MR,2021-05-28 14:27:13,20.5022,-10.0711,107.13,10,13,9.44
270,Airai,TL,2021-05-28 14:27:13,-8.9266,125.4092,58.5,93,55,3.91
271,Bundibugyo,UG,2021-05-28 14:27:14,0.7414,30.0417,84.94,54,90,2.24
272,Suzuka,JP,2021-05-28 14:27:15,34.8833,136.5833,68.99,95,100,2.01
273,Derzhavinsk,KZ,2021-05-28 14:27:15,51.1,66.3167,73.38,26,6,10.56
274,Nago,JP,2021-05-28 14:27:17,26.5881,127.9761,79.65,92,100,5.03
275,Bubaque,GW,2021-05-28 14:27:17,11.2833,-15.8333,78.26,74,27,4.41
276,Tiverton,GB,2021-05-28 14:27:18,50.9,-3.4833,64.15,68,20,4.05
277,Boda,CF,2021-05-28 14:27:19,4.3189,17.4695,89.42,51,98,0.98
278,Faanui,PF,2021-05-28 14:27:20,-16.4833,-151.75,80.17,69,28,5.5
279,Nelson Bay,AU,2021-05-28 14:27:20,-32.7167,152.15,56.1,79,89,4.0
280,Olga,RU,2021-05-28 14:27:21,43.7444,135.2892,46.35,98,100,10.87
281,Meadow Lake,US,2021-05-28 14:27:21,34.8014,-106.5436,69.31,43,0,5.61
282,Pathein,MM,2021-05-28 14:27:21,16.7833,94.7333,84.0,77,70,7.61
283,Kahului,US,2021-05-28 14:24:16,20.8947,-156.47,75.85,84,10,15.01
284,Magdagachi,RU,2021-05-28 14:27:22,53.45,125.8,45.95,96,100,3.87
285,Torbay,CA,2021-05-28 14:26:36,47.6666,-52.7314,51.89,63,75,20.71
286,Laguna,US,2021-05-28 14:27:23,38.421,-121.4238,66.94,75,3,3.0
287,Inhambane,MZ,2021-05-28 14:27:24,-23.865,35.3833,78.78,44,20,14.97
288,Oistins,BB,2021-05-28 14:23:21,13.0667,-59.5333,86.09,51,20,19.57
289,Dwarka,IN,2021-05-28 14:27:26,22.2394,68.9678,84.15,84,3,14.16
290,Aksha,RU,2021-05-28 14:27:26,50.2814,113.2867,48.29,62,0,3.0
291,Nicolas Bravo,MX,2021-05-28 14:27:27,18.45,-88.9167,85.96,67,53,5.17
292,Srednekolymsk,RU,2021-05-28 14:26:07,67.45,153.6833,45.64,53,3,18.28
293,Oga,IT,2021-05-28 14:27:28,46.4631,10.347,62.37,71,75,3.09
294,Half Moon Bay,US,2021-05-28 14:24:47,37.4636,-122.4286,58.3,88,90,0.0
295,Caravelas,BR,2021-05-28 14:27:28,-17.7125,-39.2481,83.26,58,11,5.75
296,Matale,LK,2021-05-28 14:27:30,7.4721,80.6234,73.02,92,17,4.72
297,Emba,KZ,2021-05-28 14:27:30,48.8264,58.1442,86.32,26,34,15.01
298,Sovetskiy,RU,2021-05-28 14:27:30,61.3614,63.5842,58.21,47,76,2.53
299,Tual,ID,2021-05-28 14:27:31,-5.6667,132.75,81.59,77,6,17.74
300,Viedma,AR,2021-05-28 14:27:32,-40.8135,-62.9967,55.2,59,100,19.66
301,Malakal,SS,2021-05-28 14:27:32,9.5334,31.6605,99.12,23,96,3.67
302,Porto Walter,BR,2021-05-28 14:27:33,-8.2686,-72.7439,82.74,64,5,2.98
303,Mackay,AU,2021-05-28 14:27:33,-21.15,149.2,50.68,87,1,2.3
304,Oktyabrskoye,RU,2021-05-28 14:27:34,43.0645,44.7417,77.14,41,40,4.56
305,Aloleng,PH,2021-05-28 14:27:34,16.1307,119.7824,85.06,75,56,8.23
306,The Pas,CA,2021-05-28 14:27:35,53.8251,-101.2541,53.62,40,40,13.27
307,Dandeli,IN,2021-05-28 14:27:36,15.2667,74.6167,80.82,78,11,8.32
308,Ajaccio,FR,2021-05-28 14:27:36,42.0,8.9167,68.16,68,0,6.49
309,Pirgos,GR,2021-05-28 14:27:37,35.1167,25.7178,78.48,53,32,4.07
310,Sorland,NO,2021-05-28 14:27:37,67.667,12.6934,46.47,66,40,12.66
311,Cabanas,CU,2021-05-28 14:27:38,22.9758,-82.9219,81.07,60,0,7.36
312,Vanimo,PG,2021-05-28 14:27:38,-2.6741,141.3028,79.14,85,53,2.95
313,Kabanga,TZ,2021-05-28 14:27:39,-2.6386,30.4678,68.45,78,90,4.14
314,Ayorou,NE,2021-05-28 14:27:39,14.7308,0.9174,108.03,15,69,8.41
315,Barentu,ER,2021-05-28 14:27:39,15.1139,37.5928,101.88,7,53,7.52
316,Santa Maria Del Oro,MX,2021-05-28 14:27:40,25.9333,-105.3667,73.81,22,4,3.27
317,Pinega,RU,2021-05-28 14:27:40,64.7001,43.3936,43.61,98,100,3.85
318,Aksarayskiy,RU,2021-05-28 14:27:40,46.7924,48.0119,78.75,62,64,10.42
319,Pingliang,CN,2021-05-28 14:27:41,35.5392,106.6861,61.12,60,10,3.56
320,Portland,US,2021-05-28 14:27:00,45.5234,-122.6762,53.74,86,26,1.01
321,Sal Rei,CV,2021-05-28 14:27:41,16.1833,-22.9167,77.56,64,40,21.85
322,Moron,AR,2021-05-28 14:27:41,-34.6534,-58.6198,64.02,73,83,3.0
323,Samarai,PG,2021-05-28 14:27:43,-10.6167,150.6667,77.81,72,91,16.08
324,Okhotsk,RU,2021-05-28 14:27:43,59.3833,143.3,37.2,85,100,9.86
325,Abha,SA,2021-05-28 14:27:43,18.2164,42.5053,80.42,41,0,6.24
326,Tahoua,NE,2021-05-28 14:27:44,14.8888,5.2692,102.18,19,20,4.61
327,Karwar,IN,2021-05-28 14:26:05,14.8,74.1333,82.22,76,25,6.35
328,Lebanon,US,2021-05-28 14:27:44,36.2081,-86.2911,74.8,92,90,5.75
329,Worland,US,2021-05-28 14:27:45,44.0169,-107.9554,62.67,65,97,1.99
330,Ilam,NP,2021-05-28 14:27:46,26.9167,87.9167,68.9,80,99,3.29
331,Nabire,ID,2021-05-28 14:27:47,-3.3667,135.4833,77.52,92,82,3.4
332,Sioux Lookout,CA,2021-05-28 14:27:47,50.1001,-91.917,50.07,43,1,4.61
333,Vao,NC,2021-05-28 14:27:47,-22.6667,167.4833,70.61,67,100,12.1
334,Port Moresby,PG,2021-05-28 14:27:48,-9.4431,147.1797,74.62,83,40,11.5
335,Kant,IN,2021-05-28 14:27:49,27.8,79.8,83.23,68,100,10.22
336,Flinders,AU,2021-05-28 14:27:49,-34.5833,150.8552,53.19,56,70,7.0
337,Tiksi,RU,2021-05-28 14:27:51,71.6872,128.8694,33.69,96,100,10.36
338,Saint-Augustin,CA,2021-05-28 14:27:12,51.226,-58.6502,44.1,33,97,17.96
339,Bismarck,US,2021-05-28 14:27:51,46.8083,-100.7837,46.44,77,100,8.99
340,Mpongwe,ZM,2021-05-28 14:27:52,-13.5091,28.155,78.51,22,0,1.7
341,Dingle,PH,2021-05-28 14:26:07,10.9995,122.6711,79.65,86,72,1.61
342,Siocon,PH,2021-05-28 14:27:53,7.7061,122.1353,80.26,82,81,0.78
343,Anito,PH,2021-05-28 14:27:54,12.4497,125.2886,79.97,90,75,4.41
344,Amga,RU,2021-05-28 14:27:55,60.8953,131.9608,46.98,75,94,1.97
345,Vila Velha,BR,2021-05-28 14:26:53,-20.3297,-40.2925,84.15,69,40,5.99
346,Oytal,KZ,2021-05-28 14:27:55,42.9057,73.2697,65.14,73,100,9.73
347,Pangody,RU,2021-05-28 14:27:56,65.85,74.4859,42.4,38,92,11.77
348,Alice Springs,AU,2021-05-28 14:25:53,-23.7,133.8833,44.15,57,100,7.87
349,Banepa,NP,2021-05-28 14:27:56,27.6298,85.5214,62.92,100,75,4.18
350,Oktyabrskiy,RU,2021-05-28 14:27:57,54.4815,53.471,76.17,44,6,2.04
351,Koungou,YT,2021-05-28 14:27:58,-12.7336,45.2042,80.31,65,0,6.71
352,Cidreira,BR,2021-05-28 14:27:59,-30.1811,-50.2056,67.32,75,100,7.2
353,Vieques,PR,2021-05-28 14:28:00,18.425,-65.8329,87.17,73,34,8.99
354,Esperance,AU,2021-05-28 14:28:01,-33.8667,121.9,62.44,47,97,16.28
355,Kirakira,SB,2021-05-28 14:28:03,-10.4544,161.9205,76.8,80,100,5.88
356,Yaan,NG,2021-05-28 14:28:04,7.3833,8.5667,97.97,34,77,5.39
357,Parkhill,CA,2021-05-28 14:28:05,43.1501,-81.6831,43.63,89,100,18.19
358,Erzin,TR,2021-05-28 14:28:05,36.9559,36.2,84.72,71,94,9.31
359,Sipe Sipe,BO,2021-05-28 14:28:06,-17.45,-66.3833,68.76,30,60,3.04
360,Churapcha,RU,2021-05-28 14:28:06,62.0025,132.4325,50.29,62,91,6.73
361,Buala,SB,2021-05-28 14:28:07,-8.145,159.5921,78.22,86,100,4.61
362,Yagodnoye,RU,2021-05-28 14:28:07,62.55,149.6667,41.04,84,100,3.94
363,Phangnga,TH,2021-05-28 14:28:08,8.4509,98.5298,84.81,93,79,1.32
364,Bollnas,SE,2021-05-28 14:28:08,61.3482,16.3946,62.38,25,0,5.93
365,Tommot,RU,2021-05-28 14:28:09,58.9564,126.2925,45.01,91,43,1.68
366,Mont-Dore,NC,2021-05-28 14:28:09,-22.2833,166.5833,69.01,99,92,5.84
367,Chany,RU,2021-05-28 14:28:09,55.3121,76.7647,55.17,61,79,5.08
368,Sisimiut,GL,2021-05-28 14:27:15,66.9395,-53.6735,41.81,71,83,11.9
369,Ngunguru,NZ,2021-05-28 14:28:11,-35.6167,174.5,54.16,77,100,16.33
370,Jacareacanga,BR,2021-05-28 14:28:12,-6.2222,-57.7528,88.11,66,0,3.44
371,Aswan,EG,2021-05-28 14:28:12,24.0934,32.907,107.26,8,51,12.08
372,Calatayud,ES,2021-05-28 14:28:14,41.3535,-1.6432,82.65,34,100,11.03
373,Oranjestad,AW,2021-05-28 14:28:14,12.524,-70.027,85.95,66,20,21.85
374,Anagni,IT,2021-05-28 14:28:16,41.7447,13.1527,82.63,33,40,4.23
375,Elizabeth City,US,2021-05-28 14:28:16,36.2946,-76.2511,86.0,76,52,1.99
376,Jurm,AF,2021-05-28 14:28:16,36.8648,70.8342,69.44,45,100,6.33
377,Griffith,US,2021-05-28 14:25:59,41.5284,-87.4237,48.15,90,90,3.0
378,Kruisfontein,ZA,2021-05-28 14:28:17,-34.0033,24.7314,68.88,54,0,18.37
379,Jaisalmer,IN,2021-05-28 14:28:18,26.9147,70.9181,104.92,15,0,9.78
380,Megion,RU,2021-05-28 14:28:19,61.0296,76.1136,39.22,41,91,8.66
381,Kuching,MY,2021-05-28 14:28:19,1.55,110.3333,77.22,94,20,2.3
382,Harer,ET,2021-05-28 14:28:20,9.3094,42.1258,70.14,56,67,8.48
383,Asfi,MA,2021-05-28 14:28:21,32.2994,-9.2372,69.48,75,100,9.8
384,San Patricio,US,2021-05-28 14:27:07,28.017,-97.5169,83.01,81,90,10.11
385,Zomba,MW,2021-05-28 14:28:21,-15.386,35.3188,75.09,36,0,2.48
386,Waingapu,ID,2021-05-28 14:28:22,-9.6567,120.2641,76.53,85,74,8.75
387,Cherskiy,RU,2021-05-28 14:28:23,68.75,161.3,43.75,56,100,15.26
388,Lewistown,US,2021-05-28 14:28:23,40.5992,-77.5714,65.1,57,100,7.87
389,Ndele,CF,2021-05-28 14:28:24,8.4109,20.6473,96.13,31,8,3.27
390,Igrim,RU,2021-05-28 14:28:25,63.1906,64.4162,53.47,49,98,6.31
391,Sumbe,AO,2021-05-28 14:28:26,-11.2061,13.8437,82.4,58,40,5.75
392,Asamankese,GH,2021-05-28 14:28:26,5.8601,-0.6635,88.7,55,92,9.78
393,Yerbogachen,RU,2021-05-28 14:28:27,61.2767,108.0108,51.53,65,49,6.26
394,Egvekinot,RU,2021-05-28 14:28:28,66.3167,-179.1667,25.93,83,42,10.2
395,Hervey Bay,AU,2021-05-28 14:28:29,-25.2986,152.8535,57.04,68,3,14.92
396,Hajnowka,PL,2021-05-28 14:28:29,52.7433,23.5812,61.77,60,47,6.64
397,Hamilton,US,2021-05-28 14:26:39,39.1834,-84.5333,71.11,90,100,6.29
398,Yining,CN,2021-05-28 14:28:30,29.0361,114.5636,65.77,93,100,4.43
399,Menongue,AO,2021-05-28 14:28:30,-14.6585,17.691,81.03,14,0,5.93
400,Puerto Del Rosario,ES,2021-05-28 14:28:31,28.5004,-13.8627,73.15,60,20,17.27
401,Gobabis,NA,2021-05-28 14:28:32,-22.45,18.9667,75.92,16,0,4.36
402,Shimoda,JP,2021-05-28 14:26:59,34.6667,138.95,69.17,94,100,9.01
403,Gordeyevka,RU,2021-05-28 14:28:32,52.9569,31.9703,67.41,75,98,4.61
404,Bojnurd,IR,2021-05-28 14:28:32,37.4747,57.329,85.95,21,20,9.22
405,Kobelyaky,UA,2021-05-28 14:28:33,49.1489,34.1965,76.1,53,55,4.47
406,Kiama,AU,2021-05-28 14:24:05,-34.6833,150.8667,53.38,55,86,7.0
407,Mus,TR,2021-05-28 14:28:34,39.0,41.75,73.98,32,6,15.93
408,Shaunavon,CA,2021-05-28 14:28:35,49.6501,-108.4181,51.58,53,100,16.62
409,Zhirnovsk,RU,2021-05-28 14:28:36,50.9845,44.7735,75.15,45,100,5.73
410,Lucea,JM,2021-05-28 14:28:36,18.451,-78.1736,85.86,73,60,8.48
411,Itupiranga,BR,2021-05-28 14:28:37,-5.1347,-49.3267,88.12,49,31,1.54
412,Bitkine,TD,2021-05-28 14:28:38,11.9801,18.2138,95.09,30,96,3.49
413,Ukiah,US,2021-05-28 14:25:02,39.1502,-123.2078,59.65,92,46,1.7
414,Smithers,CA,2021-05-28 14:28:38,54.7804,-127.1743,39.52,100,40,2.3
415,Antofagasta,CL,2021-05-28 14:28:38,-23.65,-70.4,70.21,58,22,1.61
416,Urucara,BR,2021-05-28 14:28:39,-2.5364,-57.76,81.39,84,87,3.83
417,Nioro,GM,2021-05-28 14:28:39,13.35,-15.75,101.55,15,5,4.72
418,Payo,ID,2021-05-28 14:28:40,-3.7508,103.6372,74.66,97,100,2.51
419,Athabasca,CA,2021-05-28 14:28:40,54.7169,-113.2854,48.02,87,100,21.59
420,La Ronge,CA,2021-05-28 14:28:40,55.1001,-105.2842,53.82,54,75,13.8
421,Broome,US,2021-05-28 14:28:41,42.2506,-75.833,54.01,66,100,1.99
422,Stillwater,US,2021-05-28 14:28:37,36.1156,-97.0584,61.77,84,0,5.01
423,Sabang,ID,2021-05-28 14:28:42,5.8933,95.3214,82.06,80,98,26.15
424,Mayor Pablo Lagerenza,PY,2021-05-28 14:28:42,-19.9309,-60.7718,86.07,46,100,19.33
425,Brokopondo,SR,2021-05-28 14:28:43,4.75,-55.1667,77.56,87,100,6.08
426,Conakry,GN,2021-05-28 14:28:44,9.538,-13.6773,82.96,75,37,10.31
427,Gouyave,GD,2021-05-28 14:28:44,12.1646,-61.7296,83.17,70,40,16.11
428,Storforshei,NO,2021-05-28 14:28:45,66.4043,14.5233,54.66,43,20,3.94
429,Nueva Gerona,CU,2021-05-28 14:28:46,21.8833,-82.8,82.02,65,0,8.16
430,Narsaq,GL,2021-05-28 14:28:46,60.9167,-46.05,59.22,50,8,2.51
431,Caimito,CO,2021-05-28 14:28:48,8.8123,-75.4107,80.83,82,83,6.64
432,Bjorkelangen,NO,2021-05-28 14:28:48,59.8848,11.5694,74.25,26,3,7.14
433,Pinotepa Nacional,MX,2021-05-28 14:28:48,16.3167,-98.0167,84.13,57,94,2.42
434,Ulverstone,AU,2021-05-28 14:28:48,-41.15,146.1667,42.19,68,3,6.64
435,Arkhara,RU,2021-05-28 14:28:49,49.4212,130.0842,49.98,87,66,4.03
436,La Rioja,ES,2021-05-28 14:28:52,42.25,-2.5,76.78,52,100,5.37
437,Robertsport,LR,2021-05-28 14:28:52,6.7533,-11.3686,82.96,76,100,9.55
438,Ilulissat,GL,2021-05-28 14:28:54,69.2167,-51.1,50.02,40,20,6.91
439,Camapua,BR,2021-05-28 14:28:54,-19.5314,-54.0439,82.92,47,100,8.57
440,Perth,AU,2021-05-28 14:28:54,-31.9333,115.8333,62.78,96,90,17.4
441,Bulgan,MN,2021-05-28 14:28:55,48.8125,103.5347,54.55,66,91,3.36
442,Hofn,IS,2021-05-28 14:28:56,64.2539,-15.2082,48.22,93,90,17.27
443,Celestun,MX,2021-05-28 14:28:56,20.8667,-90.4,81.28,72,50,8.84
444,Souillac,MU,2021-05-28 14:28:57,-20.5167,57.5167,77.36,83,40,6.82
445,Port Hedland,AU,2021-05-28 14:28:57,-20.3167,118.5667,73.45,56,100,5.75
446,Kotdwara,IN,2021-05-28 14:28:58,29.75,78.5333,87.66,44,8,3.06
447,Senhor Do Bonfim,BR,2021-05-28 14:28:58,-10.4614,-40.1894,79.86,38,4,8.16
448,Bilibino,RU,2021-05-28 14:28:59,68.0546,166.4372,33.6,78,55,3.09
449,Beringovskiy,RU,2021-05-28 14:29:02,63.05,179.3167,27.61,94,69,9.04
450,Eston,CA,2021-05-28 14:29:02,51.1501,-108.7514,58.89,48,61,21.41
451,Mwinilunga,ZM,2021-05-28 14:29:02,-11.7358,24.4293,78.21,21,0,4.63
452,Medeiros Neto,BR,2021-05-28 14:29:03,-17.3739,-40.2206,83.86,47,4,5.66
453,Yulara,AU,2021-05-28 14:29:04,-25.2406,130.9889,46.24,57,0,8.05
454,Coihaique,CL,2021-05-28 14:29:04,-45.5752,-72.0662,41.11,93,75,3.44
455,Shubarkuduk,KZ,2021-05-28 14:29:05,49.1447,56.4872,85.66,30,100,10.02
456,Deer Lake,CA,2021-05-28 14:29:05,49.1667,-57.4316,42.66,49,75,17.27
457,Boulsa,BF,2021-05-28 14:29:06,12.6675,-0.5758,101.53,25,57,5.66
458,Pangkalanbuun,ID,2021-05-28 14:29:06,-2.6833,111.6167,75.54,97,97,1.59
459,Mogadishu,SO,2021-05-28 14:29:07,2.0371,45.3438,82.27,65,40,12.66
460,Isangel,VU,2021-05-28 14:27:09,-19.55,169.2667,69.96,73,88,2.35
461,Bandar-E Lengeh,IR,2021-05-28 14:29:08,26.5579,54.8807,95.11,46,0,11.5
462,Codrington,AU,2021-05-28 14:29:08,-38.2667,141.9667,45.97,75,3,3.87
463,Namikupa,TZ,2021-05-28 14:29:09,-10.8333,39.6,75.02,70,66,2.42
464,Lakeside,US,2021-05-28 14:29:10,30.13,-81.7682,86.05,61,20,4.0
465,Kangaatsiaq,GL,2021-05-28 14:29:10,68.3065,-53.4641,34.59,90,65,4.32
466,Mount Isa,AU,2021-05-28 14:26:33,-20.7333,139.5,64.17,27,11,11.5
467,Along,IN,2021-05-28 14:29:11,28.1667,94.7667,75.54,85,47,1.12
468,Port Shepstone,ZA,2021-05-28 14:29:12,-30.7414,30.455,71.24,69,54,13.42
469,Daru,PG,2021-05-28 14:29:13,-9.0763,143.2092,77.31,85,55,16.4
470,Naze,JP,2021-05-28 14:29:14,28.3667,129.4833,71.2,88,100,9.98
471,Lagoa,PT,2021-05-28 14:29:14,39.05,-27.9833,60.35,67,82,10.18
472,Camargo,MX,2021-05-28 14:29:14,27.6667,-105.1667,79.21,17,0,6.73
473,Piacabucu,BR,2021-05-28 14:29:15,-10.4056,-36.4344,81.91,59,95,10.67
474,Sao Joao Da Barra,BR,2021-05-28 14:29:15,-21.6403,-41.0511,82.49,74,2,10.42
475,Qasigiannguit,GL,2021-05-28 14:29:16,68.8193,-51.1922,50.25,59,13,0.13
476,Burnie,AU,2021-05-28 14:29:16,-41.0667,145.9167,41.92,77,5,5.66
477,Kieta,PG,2021-05-28 14:29:17,-6.2167,155.6333,76.57,92,100,2.15
478,Champerico,GT,2021-05-28 14:29:18,14.3,-91.9167,88.75,70,80,3.62
479,Kloulklubed,PW,2021-05-28 14:29:19,7.0419,134.2556,79.3,80,100,10.45
480,Pombas,CV,2021-05-28 14:29:20,17.1503,-25.0201,76.78,72,48,16.67
481,Kaz,RU,2021-05-28 14:29:21,52.9113,87.3105,50.4,64,100,5.91
482,Salalah,OM,2021-05-28 14:29:21,17.0151,54.0924,86.09,84,20,13.8
483,Viseu,PT,2021-05-28 14:29:22,40.661,-7.9097,84.52,28,18,7.23
484,Birao,CF,2021-05-28 14:29:22,10.2849,22.7882,100.72,20,66,5.14
485,Puerto Rondon,CO,2021-05-28 14:29:23,6.2805,-71.1,76.33,86,84,3.74
486,Kibakwe,TZ,2021-05-28 14:29:24,-6.7167,36.3667,71.56,60,84,8.21
487,Hualmay,PE,2021-05-28 14:29:24,-11.0964,-77.6139,67.37,85,67,6.73
488,Grenfell,AU,2021-05-28 14:29:26,-33.9,148.1667,33.33,64,0,10.89
489,Beloha,MG,2021-05-28 14:29:26,-25.1667,45.05,73.78,56,0,7.85
490,Merauke,ID,2021-05-28 14:29:27,-8.4667,140.3333,76.69,86,68,14.94
491,Liku,ID,2021-05-28 14:29:28,-0.7275,119.8922,76.19,84,3,1.9
492,Robat Karim,IR,2021-05-28 14:29:29,35.4846,51.0829,94.48,8,20,13.8
493,Xam Nua,LA,2021-05-28 14:29:29,20.4197,104.0439,70.63,93,60,2.33
494,Camaqua,BR,2021-05-28 14:29:30,-30.8511,-51.8122,62.01,89,100,4.5
495,Damghan,IR,2021-05-28 14:29:31,36.1683,54.348,86.31,12,0,5.26
496,Constantine,DZ,2021-05-28 14:29:32,36.365,6.6147,87.21,39,40,14.97
497,Coahuayana,MX,2021-05-28 14:29:32,18.7333,-103.6833,87.28,46,40,2.42
498,Port Augusta,AU,2021-05-28 14:29:33,-32.5,137.7667,55.54,67,100,5.66
499,Jackson,US,2021-05-28 14:29:34,42.4165,-122.8345,51.15,79,47,1.01
500,Natchitoches,US,2021-05-28 14:29:34,31.7668,-93.1335,67.19,100,90,4.61
501,Puerto Penasco,MX,2021-05-28 14:29:21,31.3167,-113.5333,75.56,52,0,9.1
502,Whithorn,JM,2021-05-28 14:29:35,18.2604,-78.0378,83.44,62,77,2.44
503,Mugan,CN,2021-05-28 14:29:35,35.9404,101.3842,55.85,73,86,5.39
504,Havelock,US,2021-05-28 14:29:36,34.8791,-76.9013,88.05,71,1,5.01
505,Hay River,CA,2021-05-28 14:29:36,60.8156,-115.7999,40.98,75,40,3.44
506,Catamarca,AR,2021-05-28 14:29:37,-28.4696,-65.7852,86.49,35,10,2.35
507,Port Arthur,CN,2021-05-28 14:29:37,38.8,121.2667,61.92,75,3,5.19
508,Seydisehir,TR,2021-05-28 14:29:38,37.4193,31.8453,75.2,26,0,13.76
509,Palora,EC,2021-05-28 14:29:38,-1.7,-77.9333,75.31,69,5,0.83
510,Hamza,UZ,2021-05-28 14:29:39,40.4264,71.4956,90.05,25,0,10.89
511,Olafsvik,IS,2021-05-28 14:29:39,64.8945,-23.7142,52.0,66,99,23.04
512,Waitati,NZ,2021-05-28 14:29:39,-45.75,170.5667,46.8,90,100,6.02
513,Amboise,FR,2021-05-28 14:29:40,47.4125,0.9827,75.22,48,0,9.46
514,Taltal,CL,2021-05-28 14:29:41,-25.4,-70.4833,63.95,76,36,2.95
515,Bom Jardim,BR,2021-05-28 14:29:41,-7.7958,-35.5872,80.94,74,95,13.67
516,Yenangyaung,MM,2021-05-28 14:29:42,20.4667,94.8833,95.38,35,15,10.76
517,Stromness,GB,2021-05-28 14:29:42,58.965,-3.296,50.25,85,6,13.98
518,Tutoia,BR,2021-05-28 14:29:42,-2.7619,-42.2744,89.58,59,9,6.89
519,Alegrete,BR,2021-05-28 14:29:43,-29.7831,-55.7919,64.33,98,100,8.84
520,Darhan,MN,2021-05-28 14:29:43,49.4867,105.9228,58.35,46,100,4.9
521,Den Helder,NL,2021-05-28 14:29:43,52.9599,4.7593,64.98,75,20,8.05
522,Coquimbo,CL,2021-05-28 14:29:44,-29.9533,-71.3436,56.93,94,40,5.21
523,Kabelvag,NO,2021-05-28 14:29:45,68.2114,14.4817,46.62,61,12,9.13
524,Zhigansk,RU,2021-05-28 14:29:45,66.7697,123.3711,49.59,66,6,15.7
525,South Whittier,US,2021-05-28 14:29:45,33.9609,-118.0417,65.46,77,90,1.01
526,Ulladulla,AU,2021-05-28 14:29:46,-35.35,150.4667,49.87,58,93,16.11
527,Atasu,KZ,2021-05-28 14:29:46,48.6814,71.6433,74.1,28,0,11.07
528,Bamiantong,CN,2021-05-28 14:29:47,44.9333,130.5333,47.93,95,83,1.1
529,Kuybyshevo,RU,2021-05-28 14:29:47,47.8123,38.9073,74.19,59,100,5.64
530,Moses Lake,US,2021-05-28 14:29:47,47.1301,-119.2781,55.18,57,2,13.85
531,Godda,IN,2021-05-28 14:29:48,24.8333,87.2167,78.48,87,74,6.73
532,Abnub,EG,2021-05-28 14:29:49,27.2696,31.1511,102.42,8,0,17.63
533,Nuuk,GL,2021-05-28 14:25:04,64.1835,-51.7216,38.01,100,20,10.36
534,Chernihiv,UA,2021-05-28 14:29:50,51.0,32.0,72.23,67,96,3.22
535,Kaa-Khem,RU,2021-05-28 14:29:51,51.6833,94.7333,51.76,59,35,11.03
536,Turan,VN,2021-05-28 14:29:52,16.0678,108.2208,84.25,84,20,2.3
537,Ghanzi,BW,2021-05-28 14:29:52,-21.5667,21.7833,77.52,15,0,2.91
538,Natal,BR,2021-05-28 14:29:53,-5.795,-35.2094,86.65,58,40,13.76
539,Rio Verde De Mato Grosso,BR,2021-05-28 14:28:02,-18.9181,-54.8442,84.18,47,100,7.58
540,Cockburn Town,TC,2021-05-28 14:29:54,21.4612,-71.1419,78.62,75,55,11.12
541,Dalnerechensk,RU,2021-05-28 14:29:54,45.9339,133.7225,52.95,76,100,7.52
542,Gorontalo,ID,2021-05-28 14:29:55,0.5412,123.0595,77.0,92,32,2.95
543,Caconda,AO,2021-05-28 14:29:55,-13.7333,15.0667,76.48,18,0,4.85
544,Santa Cruz,BO,2021-05-28 14:29:55,-17.8,-63.1667,78.85,73,75,25.32
545,Utiel,ES,2021-05-28 14:29:56,39.5667,-1.2,70.3,38,18,13.44
546,Octeville,FR,2021-05-28 14:29:56,49.6261,-1.6435,67.86,51,0,9.64
