City_ID,City,Country,Date,Lat,Lng,Max Temp,Humidity,Cloudiness,Wind Speed,Current Description
0,Assiniboia,CA,2021-05-31 20:54:34,49.6334,-105.9845,78.71,14,100,14.72,overcast clouds
1,Vila Velha,BR,2021-05-31 20:54:13,-20.3297,-40.2925,78.75,85,0,5.01,clear sky
2,Port Blair,IN,2021-05-31 20:55:18,11.6667,92.75,82.0,81,8,4.81,clear sky
3,Upernavik,GL,2021-05-31 20:47:47,72.7868,-56.1549,31.3,90,100,3.04,overcast clouds
4,Manakara,MG,2021-05-31 20:55:19,-22.1333,48.0167,69.66,93,34,6.8,light rain
5,Ushuaia,AR,2021-05-31 20:50:51,-54.8,-68.3,31.66,93,40,0.0,scattered clouds
6,Souillac,MU,2021-05-31 20:50:57,-20.5167,57.5167,71.98,83,40,8.52,scattered clouds
7,Bara,NG,2021-05-31 20:51:48,10.3744,10.7288,80.78,55,94,12.77,overcast clouds
8,Vanavara,RU,2021-05-31 20:46:37,60.34,102.2797,44.35,77,10,4.0,clear sky
9,Sosnovo-Ozerskoye,RU,2021-05-31 20:55:20,52.5249,111.5418,34.48,67,99,9.53,overcast clouds
10,Vokhma,RU,2021-05-31 20:55:20,58.9303,46.7586,42.31,63,99,3.85,light rain
11,Noumea,NC,2021-05-31 20:46:27,-22.2763,166.4572,68.0,99,100,7.47,overcast clouds
12,Albany,US,2021-05-31 20:52:18,42.6001,-73.9662,69.31,60,74,6.76,broken clouds
13,Kodiak,US,2021-05-31 20:48:34,57.79,-152.4072,47.71,87,90,8.05,light rain
14,Kapaa,US,2021-05-31 20:55:22,22.0752,-159.319,82.38,70,34,3.0,scattered clouds
15,Brandon,US,2021-05-31 20:53:14,27.9378,-82.2859,94.19,51,40,1.99,scattered clouds
16,Naron,ES,2021-05-31 20:55:23,43.5167,-8.1528,68.85,80,37,4.63,scattered clouds
17,Jining,CN,2021-05-31 20:55:23,35.405,116.5814,71.29,79,98,6.93,overcast clouds
18,Annau,TM,2021-05-31 20:55:23,37.8876,58.516,85.5,37,40,3.91,scattered clouds
19,Plettenberg Bay,ZA,2021-05-31 20:55:24,-34.0527,23.3716,55.49,75,26,8.37,scattered clouds
20,Road Town,VG,2021-05-31 20:54:57,18.4167,-64.6167,84.24,70,40,9.22,scattered clouds
21,Leningradskiy,RU,2021-05-31 20:51:09,69.3833,178.4167,32.05,88,89,13.09,overcast clouds
22,Roald,NO,2021-05-31 20:55:25,62.5833,6.1333,60.17,87,0,8.05,clear sky
23,Gaoual,GN,2021-05-31 20:55:25,11.75,-13.2,82.24,61,95,3.04,overcast clouds
24,Asau,RO,2021-05-31 20:55:26,46.4333,26.4,53.96,88,100,5.48,overcast clouds
25,Tuktoyaktuk,CA,2021-05-31 20:48:14,69.4541,-133.0374,32.0,86,90,10.36,overcast clouds
26,Agadir,MA,2021-05-31 20:55:26,30.4202,-9.5982,66.65,79,2,1.34,clear sky
27,Cabo San Lucas,MX,2021-05-31 20:51:09,22.8909,-109.9124,95.5,55,0,9.69,clear sky
28,Rikitea,PF,2021-05-31 20:55:27,-23.1203,-134.9692,74.34,65,0,14.45,clear sky
29,Atar,MR,2021-05-31 20:45:33,20.5169,-13.0499,90.45,31,99,10.74,overcast clouds
30,Devils Lake,US,2021-05-31 20:55:28,48.1128,-98.8651,75.31,24,1,11.01,clear sky
31,Port Hedland,AU,2021-05-31 20:53:55,-20.3167,118.5667,68.05,49,75,10.36,broken clouds
32,Aklavik,CA,2021-05-31 20:55:29,68.2191,-135.0107,39.92,75,75,14.97,broken clouds
33,Faanui,PF,2021-05-31 20:48:08,-16.4833,-151.75,78.48,66,32,14.54,scattered clouds
34,Fairbanks,US,2021-05-31 20:55:02,64.8378,-147.7164,69.6,43,90,4.61,overcast clouds
35,Esperance,AU,2021-05-31 20:51:09,-33.8667,121.9,57.04,78,95,22.15,overcast clouds
36,Faya,SA,2021-05-31 20:48:05,18.3851,42.4509,77.11,17,7,9.19,clear sky
37,Hilo,US,2021-05-31 20:43:21,19.7297,-155.09,83.8,86,90,9.22,light rain
38,Puerto Palomas,MX,2021-05-31 20:55:30,31.7667,-107.6167,89.42,7,0,10.92,clear sky
39,Soyo,AO,2021-05-31 20:55:31,-6.1349,12.3689,77.38,89,33,9.08,scattered clouds
40,Bambous Virieux,MU,2021-05-31 20:51:34,-20.3428,57.7575,71.85,83,40,8.77,scattered clouds
41,Beringovskiy,RU,2021-05-31 20:51:21,63.05,179.3167,35.74,79,37,9.37,scattered clouds
42,Busselton,AU,2021-05-31 20:55:31,-33.65,115.3333,52.09,88,54,8.32,broken clouds
43,Adre,TD,2021-05-31 20:55:32,13.4667,22.2,87.89,25,82,7.2,broken clouds
44,Bluff,NZ,2021-05-31 20:50:41,-46.6,168.3333,46.31,77,93,10.29,overcast clouds
45,Nouadhibou,MR,2021-05-31 20:52:25,20.931,-17.0347,67.98,83,0,20.71,clear sky
46,Vaini,TO,2021-05-31 20:55:33,-21.2,-175.2,69.96,94,90,0.0,overcast clouds
47,Atuona,PF,2021-05-31 20:55:33,-9.8,-139.0333,78.96,70,97,9.64,overcast clouds
48,Goderich,CA,2021-05-31 20:48:35,43.7501,-81.7165,70.21,32,93,4.61,overcast clouds
49,Bam,IR,2021-05-31 20:55:33,29.106,58.357,88.29,7,0,5.23,clear sky
50,Shenjiamen,CN,2021-05-31 20:55:34,29.9576,122.298,70.77,85,55,13.82,broken clouds
51,Kumluca,TR,2021-05-31 20:55:34,36.3703,30.2869,68.95,73,0,0.94,clear sky
52,Codrington,AU,2021-05-31 20:55:35,-38.2667,141.9667,47.66,44,99,10.94,overcast clouds
53,Hukuntsi,BW,2021-05-31 20:55:35,-24.0,21.75,54.19,28,0,12.37,clear sky
54,Svetlyy,RU,2021-05-31 20:55:36,54.675,20.1347,50.05,66,99,2.39,overcast clouds
55,Clyde River,CA,2021-05-31 20:48:22,70.4692,-68.5914,26.83,93,90,5.75,overcast clouds
56,Yomou,GN,2021-05-31 20:55:37,7.5603,-9.2653,72.01,97,98,3.94,light rain
57,Port Elizabeth,ZA,2021-05-31 20:47:37,-33.918,25.5701,50.09,79,26,12.46,scattered clouds
58,Chokurdakh,RU,2021-05-31 20:55:39,70.6333,147.9167,62.06,36,54,8.37,broken clouds
59,Tucuman,AR,2021-05-31 20:45:57,-26.8241,-65.2226,69.8,49,0,1.34,clear sky
60,Camopi,GF,2021-05-31 20:55:39,3.1655,-52.3158,75.85,97,99,3.49,light rain
61,Tasiilaq,GL,2021-05-31 20:55:40,65.6145,-37.6368,34.3,81,94,5.77,overcast clouds
62,Jalu,LY,2021-05-31 20:48:41,29.0331,21.5482,81.23,30,0,14.23,clear sky
63,Port Lincoln,AU,2021-05-31 20:48:47,-34.7333,135.8667,59.79,42,100,9.8,light rain
64,Mon,IN,2021-05-31 20:55:40,26.75,95.1,69.8,98,98,0.98,overcast clouds
65,Huangzhai,CN,2021-05-31 20:55:41,38.0751,112.6595,54.01,57,100,2.46,overcast clouds
66,Bataipora,BR,2021-05-31 20:55:41,-22.2953,-53.2711,68.2,90,70,6.2,broken clouds
67,Petushki,RU,2021-05-31 20:55:41,55.9264,39.461,39.27,89,46,2.28,scattered clouds
68,Saint George,US,2021-05-31 20:55:42,37.1041,-113.5841,99.07,9,1,5.01,clear sky
69,Hermanus,ZA,2021-05-31 20:54:49,-34.4187,19.2345,54.9,80,16,6.38,few clouds
70,Kalabo,ZM,2021-05-31 20:55:42,-14.97,22.6814,59.29,32,2,4.79,clear sky
71,Haines Junction,CA,2021-05-31 20:48:17,60.7522,-137.5108,48.15,87,100,4.61,overcast clouds
72,Tiksi,RU,2021-05-31 20:55:43,71.6872,128.8694,43.16,75,8,1.68,clear sky
73,Mataura,NZ,2021-05-31 20:47:47,-46.1927,168.8643,38.46,96,65,2.86,broken clouds
74,Bulgan,MN,2021-05-31 20:55:43,48.8125,103.5347,31.03,89,31,3.74,light snow
75,Adrar,MR,2021-05-31 20:46:05,20.5022,-10.0711,89.51,32,58,9.75,broken clouds
76,Kurchum,KZ,2021-05-31 20:55:44,48.5722,83.6542,61.23,55,37,3.91,scattered clouds
77,Saint-Augustin,CA,2021-05-31 20:43:08,51.226,-58.6502,45.9,89,100,5.91,overcast clouds
78,Nelson Bay,AU,2021-05-31 20:55:44,-32.7167,152.15,45.77,96,100,6.2,overcast clouds
79,Taoudenni,ML,2021-05-31 20:55:45,22.6783,-3.9836,104.77,8,65,5.93,broken clouds
80,Maunabo,PR,2021-05-31 20:55:45,18.0072,-65.8993,87.66,81,16,12.3,few clouds
81,Cairns,AU,2021-05-31 20:55:46,-16.9167,145.7667,69.75,91,90,11.5,overcast clouds
82,Qaanaaq,GL,2021-05-31 20:47:34,77.484,-69.3632,33.53,87,100,1.21,overcast clouds
83,Barrow,US,2021-05-31 20:52:52,71.2906,-156.7887,30.22,74,90,11.5,overcast clouds
84,Mahebourg,MU,2021-05-31 20:55:48,-20.4081,57.7,71.89,83,40,6.91,scattered clouds
85,Punta Arenas,CL,2021-05-31 20:55:49,-53.15,-70.9167,35.71,69,0,5.28,clear sky
86,Norman Wells,CA,2021-05-31 20:55:49,65.282,-126.8329,62.64,55,75,11.5,broken clouds
87,Erenhot,CN,2021-05-31 20:55:49,43.6475,111.9767,48.13,47,100,2.86,overcast clouds
88,Vallenar,CL,2021-05-31 20:55:50,-28.5708,-70.7581,83.91,14,0,6.42,clear sky
89,Butaritari,KI,2021-05-31 20:55:50,3.0707,172.7902,83.59,77,76,19.15,broken clouds
90,Hay River,CA,2021-05-31 20:55:50,60.8156,-115.7999,71.58,33,75,8.05,broken clouds
91,Mkushi,ZM,2021-05-31 20:55:51,-13.6202,29.3939,56.05,57,4,4.76,clear sky
92,Beloha,MG,2021-05-31 20:55:51,-25.1667,45.05,65.28,72,73,7.47,broken clouds
93,Aykhal,RU,2021-05-31 20:52:42,66.0,111.5,53.83,50,100,11.41,overcast clouds
94,Fort Nelson,CA,2021-05-31 20:53:54,58.8053,-122.7002,72.99,28,75,4.61,broken clouds
95,Baraboo,US,2021-05-31 20:55:52,43.4711,-89.7443,75.27,40,1,11.5,clear sky
96,Jamestown,US,2021-05-31 20:55:52,42.097,-79.2353,71.1,35,1,1.99,clear sky
97,Malakal,SS,2021-05-31 20:55:52,9.5334,31.6605,89.28,37,24,4.97,few clouds
98,Launceston,AU,2021-05-31 20:55:53,-41.45,147.1667,47.16,87,100,4.34,overcast clouds
99,Fonte Boa,BR,2021-05-31 20:55:53,-2.4959,-66.2662,81.34,82,83,1.83,broken clouds
100,Dikson,RU,2021-05-31 20:55:53,73.5069,80.5464,28.78,93,100,17.02,overcast clouds
101,Laguna,US,2021-05-31 20:46:41,38.421,-121.4238,103.87,24,1,1.01,clear sky
102,Cape Town,ZA,2021-05-31 20:55:55,-33.9258,18.4232,57.61,89,75,1.01,broken clouds
103,Touros,BR,2021-05-31 20:46:09,-5.1989,-35.4608,81.5,81,7,9.8,clear sky
104,Klaksvik,FO,2021-05-31 20:55:55,62.2266,-6.589,52.72,98,100,13.6,overcast clouds
105,Vera Cruz,BR,2021-05-31 20:52:53,-12.6333,-41.0333,81.97,56,14,7.25,few clouds
106,Georgetown,MY,2021-05-31 20:55:56,5.4112,100.3354,80.55,86,20,1.01,few clouds
107,Novikovo,RU,2021-05-31 20:55:57,51.1537,37.8879,46.71,82,100,8.61,overcast clouds
108,Gazanjyk,TM,2021-05-31 20:55:58,39.2446,55.5154,76.73,54,0,9.53,clear sky
109,Terra Santa,BR,2021-05-31 20:55:58,-2.1042,-56.4869,83.75,71,100,2.71,overcast clouds
110,Isangel,VU,2021-05-31 20:47:55,-19.55,169.2667,73.04,60,21,11.88,few clouds
111,Bandarbeyla,SO,2021-05-31 20:55:59,9.4942,50.8122,79.27,83,100,24.99,overcast clouds
112,Rockhampton,AU,2021-05-31 20:55:59,-23.3833,150.5,60.69,72,40,4.61,scattered clouds
113,Carnarvon,AU,2021-05-31 20:48:04,-24.8667,113.6333,53.67,94,0,10.36,clear sky
114,Santa Cruz,BO,2021-05-31 20:56:00,-17.8,-63.1667,69.85,56,75,4.61,broken clouds
115,Maracaju,BR,2021-05-31 20:52:47,-21.6144,-55.1683,71.83,75,46,2.95,scattered clouds
116,Chirongui,YT,2021-05-31 20:56:00,-12.9319,45.1483,75.13,69,0,4.85,clear sky
117,Bengkulu,ID,2021-05-31 20:48:03,-3.8004,102.2655,75.54,92,99,3.47,overcast clouds
118,Port Alfred,ZA,2021-05-31 20:47:58,-33.5906,26.891,60.26,81,97,11.99,light rain
119,Ilhabela,BR,2021-05-31 20:46:20,-23.7781,-45.3581,69.39,91,100,5.23,overcast clouds
120,Gbongan,NG,2021-05-31 20:56:01,7.4667,4.35,74.93,94,82,5.5,broken clouds
121,Krasnoselkup,RU,2021-05-31 20:56:01,65.7,82.4667,37.83,77,100,9.1,overcast clouds
122,Isilkul,RU,2021-05-31 20:56:02,54.9109,71.2728,60.03,94,98,12.84,overcast clouds
123,Zaysan,KZ,2021-05-31 20:56:02,47.4667,84.8667,64.51,30,5,7.49,clear sky
124,Rayadrug,IN,2021-05-31 20:56:03,14.7,76.8667,77.18,72,61,14.67,broken clouds
125,Namibe,AO,2021-05-31 20:56:03,-15.1961,12.1522,70.93,66,7,3.71,clear sky
126,East London,ZA,2021-05-31 20:56:04,-33.0153,27.9116,61.11,76,70,7.58,moderate rain
127,Sistranda,NO,2021-05-31 20:56:04,63.7256,8.834,51.91,88,100,14.29,overcast clouds
128,Mar Del Plata,AR,2021-05-31 20:56:05,-38.0023,-57.5575,54.09,52,75,1.01,broken clouds
129,Labuhan,ID,2021-05-31 20:56:05,-6.8844,112.2051,76.6,90,98,6.98,overcast clouds
130,Lebu,CL,2021-05-31 20:56:06,-37.6167,-73.65,56.93,99,100,11.48,overcast clouds
131,Selma,US,2021-05-31 20:53:38,36.5708,-119.6121,101.08,11,6,7.27,clear sky
132,Avera,US,2021-05-31 20:56:07,33.194,-82.5271,80.26,36,71,5.5,broken clouds
133,Fortuna,US,2021-05-31 20:56:07,40.5982,-124.1573,72.86,61,31,3.0,scattered clouds
134,Kaduqli,SD,2021-05-31 20:52:30,11.0167,29.7167,91.36,29,15,2.59,few clouds
135,Podor,MR,2021-05-31 20:56:08,16.6527,-14.9587,83.71,45,28,20.4,scattered clouds
136,Caraquet,CA,2021-05-31 20:56:09,47.7941,-64.9386,50.58,99,100,5.84,overcast clouds
137,Half Moon Bay,US,2021-05-31 20:56:09,37.4636,-122.4286,101.91,57,1,10.36,haze
138,Tura,IN,2021-05-31 20:48:05,25.5198,90.2201,71.92,97,100,2.77,overcast clouds
139,Pangnirtung,CA,2021-05-31 20:56:10,66.1451,-65.7125,33.8,93,75,10.36,broken clouds
140,Chapais,CA,2021-05-31 20:49:16,49.7834,-74.8492,69.58,37,97,9.93,overcast clouds
141,Morant Bay,JM,2021-05-31 20:56:10,17.8815,-76.4093,85.62,71,100,10.98,overcast clouds
142,Padang,ID,2021-05-31 20:43:53,-0.9492,100.3543,77.0,85,43,3.91,scattered clouds
143,Bredasdorp,ZA,2021-05-31 20:56:11,-34.5322,20.0403,54.72,88,3,7.54,clear sky
144,Wamba,NG,2021-05-31 20:56:11,8.9333,8.6,78.76,74,69,2.57,broken clouds
145,Fuerte Olimpo,PY,2021-05-31 20:56:12,-21.0415,-57.8738,76.48,56,86,2.19,overcast clouds
146,Boffa,GN,2021-05-31 20:56:12,10.1667,-14.0333,78.6,85,100,4.88,overcast clouds
147,Khatanga,RU,2021-05-31 20:47:54,71.9667,102.5,34.34,88,80,13.22,broken clouds
148,Ribeira Grande,PT,2021-05-31 20:56:13,38.5167,-28.7,64.8,55,40,11.5,scattered clouds
149,Ponta Do Sol,PT,2021-05-31 20:55:15,32.6667,-17.1,69.01,80,62,3.36,broken clouds
150,Douglas,US,2021-05-31 20:56:13,41.3,-96.167,76.14,48,1,1.01,clear sky
151,La Tuque,CA,2021-05-31 20:56:14,47.4334,-72.7824,66.45,42,100,4.61,overcast clouds
152,Hailin,CN,2021-05-31 20:56:14,44.5833,129.4167,53.8,80,100,3.67,moderate rain
153,Longyearbyen,SJ,2021-05-31 20:55:02,78.2186,15.6401,35.44,75,75,9.22,broken clouds
154,Elko,US,2021-05-31 20:56:15,41.0002,-115.5012,78.06,8,13,7.0,few clouds
155,Narsaq,GL,2021-05-31 20:47:56,60.9167,-46.05,46.62,79,57,5.44,broken clouds
156,Tarko-Sale,RU,2021-05-31 20:56:15,64.9225,77.785,36.0,77,100,5.5,overcast clouds
157,Hofn,IS,2021-05-31 20:48:47,64.2539,-15.2082,46.08,84,47,4.32,scattered clouds
158,Port Keats,AU,2021-05-31 20:56:16,-14.25,129.55,69.57,84,71,3.8,broken clouds
159,Ancud,CL,2021-05-31 20:56:17,-41.8697,-73.8203,59.43,98,100,14.61,light rain
160,Tigzirt,DZ,2021-05-31 20:56:17,36.8886,4.1198,71.2,71,100,8.5,overcast clouds
161,Nichinan,JP,2021-05-31 20:56:18,31.6,131.3667,67.35,82,92,5.66,overcast clouds
162,Castro,BR,2021-05-31 20:56:18,-24.7911,-50.0119,56.75,98,100,2.62,overcast clouds
163,Onufriyivka,UA,2021-05-31 20:56:19,48.9072,33.4487,51.66,75,100,11.21,overcast clouds
164,Puerto Ayora,EC,2021-05-31 20:56:19,-0.7393,-90.3518,80.56,87,42,8.99,scattered clouds
165,Lavrentiya,RU,2021-05-31 20:51:28,65.5833,-171.0,34.2,77,59,8.68,broken clouds
166,Sambava,MG,2021-05-31 20:56:20,-14.2667,50.1667,71.26,87,1,9.24,clear sky
167,Arraial Do Cabo,BR,2021-05-31 20:56:20,-22.9661,-42.0278,71.56,94,75,2.3,light intensity drizzle
168,Port-Gentil,GA,2021-05-31 20:56:20,-0.7193,8.7815,78.76,94,75,12.66,broken clouds
169,Nikolskoye,RU,2021-05-31 20:56:21,59.7035,30.7861,50.4,92,100,4.0,light rain
170,Seia,PT,2021-05-31 20:56:21,40.4151,-7.7086,64.51,78,3,3.2,clear sky
171,Sao Felix Do Xingu,BR,2021-05-31 20:56:21,-6.6447,-51.995,77.92,61,3,1.97,clear sky
172,Cayenne,GF,2021-05-31 20:56:22,4.9333,-52.3333,77.09,89,90,11.7,overcast clouds
173,Luderitz,NA,2021-05-31 20:47:55,-26.6481,15.1594,58.8,70,0,22.06,clear sky
174,Paramonga,PE,2021-05-31 20:56:22,-10.6667,-77.8333,67.69,81,95,10.6,overcast clouds
175,Ahipara,NZ,2021-05-31 20:48:57,-35.1667,173.1667,59.97,73,11,13.38,few clouds
176,Ternate,ID,2021-05-31 20:56:23,0.8,127.4,81.86,78,100,9.19,overcast clouds
177,Saint-Philippe,RE,2021-05-31 20:47:42,-21.3585,55.7679,71.15,78,24,7.34,few clouds
178,Taseyevo,RU,2021-05-31 20:56:23,57.2169,94.8978,39.24,76,3,4.68,clear sky
179,Broken Hill,AU,2021-05-31 20:48:33,-31.95,141.4333,51.51,50,100,10.36,overcast clouds
180,Nizwa,OM,2021-05-31 20:56:24,22.9333,57.5333,88.68,23,99,4.14,overcast clouds
181,Vila Franca Do Campo,PT,2021-05-31 20:56:24,37.7167,-25.4333,64.81,91,98,12.33,overcast clouds
182,Conakry,GN,2021-05-31 20:54:14,9.538,-13.6773,82.47,78,75,6.91,broken clouds
183,Tibu,CO,2021-05-31 20:56:25,8.639,-72.7358,92.75,47,59,3.85,broken clouds
184,Kavieng,PG,2021-05-31 20:56:26,-2.5744,150.7967,80.13,80,98,5.35,overcast clouds
185,Ostrovnoy,RU,2021-05-31 20:48:06,68.0531,39.5131,39.97,90,100,22.66,overcast clouds
186,Kaitangata,NZ,2021-05-31 20:56:27,-46.2817,169.8464,45.93,83,78,6.22,broken clouds
187,Matara,LK,2021-05-31 20:56:28,5.9485,80.5353,79.77,83,98,13.69,overcast clouds
188,Tuatapere,NZ,2021-05-31 20:56:28,-46.1333,167.6833,39.61,89,61,4.21,broken clouds
189,Goba,ET,2021-05-31 20:56:29,7.0167,39.9833,50.2,83,45,5.26,scattered clouds
190,Iqaluit,CA,2021-05-31 20:47:40,63.7506,-68.5145,31.73,86,90,4.0,light snow
191,Novaya Igirma,RU,2021-05-31 20:56:29,57.1334,103.9112,42.98,90,95,2.55,overcast clouds
192,Yellowknife,CA,2021-05-31 20:56:29,62.456,-114.3525,61.32,47,75,5.99,broken clouds
193,Severo-Kurilsk,RU,2021-05-31 20:47:51,50.6789,156.125,37.65,98,100,23.4,light rain
194,Alofi,NU,2021-05-31 20:47:36,-19.0595,-169.9187,75.09,94,75,3.44,light rain
195,San Cristobal,VE,2021-05-31 20:56:30,7.7669,-72.225,80.78,53,47,4.34,scattered clouds
196,Hereford,GB,2021-05-31 20:56:31,52.0568,-2.7148,61.9,79,5,4.34,clear sky
197,Skjervoy,NO,2021-05-31 20:56:31,70.0311,20.9714,45.61,90,100,12.17,overcast clouds
198,Mujiayingzi,CN,2021-05-31 20:56:31,42.1167,118.7833,51.89,52,39,5.35,scattered clouds
199,Lagoa,PT,2021-05-31 20:56:32,39.05,-27.9833,59.85,74,76,16.44,broken clouds
200,Zabaykalsk,RU,2021-05-31 20:56:32,49.6333,117.3167,41.11,84,11,18.41,few clouds
201,Koundara,GN,2021-05-31 20:56:33,12.4833,-13.3,83.66,57,96,8.32,overcast clouds
202,Tsukumi,JP,2021-05-31 20:56:33,33.0706,131.8572,62.29,81,100,3.24,overcast clouds
203,Khairabad,IN,2021-05-31 20:56:34,27.5333,80.75,87.84,41,21,6.22,few clouds
204,Dourados,BR,2021-05-31 20:56:35,-22.2211,-54.8056,68.13,83,100,5.37,overcast clouds
205,Thinadhoo,MV,2021-05-31 20:56:35,0.5333,72.9333,84.02,68,68,18.05,broken clouds
206,Rocha,UY,2021-05-31 20:47:30,-34.4833,-54.3333,56.41,68,45,11.43,scattered clouds
207,Chuy,UY,2021-05-31 20:56:36,-33.6971,-53.4616,57.25,65,7,10.94,clear sky
208,Batagay-Alyta,RU,2021-05-31 20:56:37,67.8006,130.4114,44.6,79,100,3.02,overcast clouds
209,Kattivakkam,IN,2021-05-31 20:56:38,13.2167,80.3167,78.89,72,83,10.22,broken clouds
210,Bolgatanga,GH,2021-05-31 20:54:14,10.7856,-0.8514,92.23,39,63,1.72,light rain
211,Brae,GB,2021-05-31 20:48:08,60.3964,-1.353,46.31,88,20,11.36,few clouds
212,Inirida,CO,2021-05-31 20:53:59,3.8653,-67.9239,81.48,88,93,2.37,overcast clouds
213,Algiers,DZ,2021-05-31 20:52:13,36.7525,3.042,69.62,78,75,6.85,broken clouds
214,Saskylakh,RU,2021-05-31 20:48:13,71.9167,114.0833,45.81,87,100,10.78,overcast clouds
215,Pozarevac,RS,2021-05-31 20:56:39,44.6153,21.1825,53.06,94,95,4.14,overcast clouds
216,Malpe,IN,2021-05-31 20:56:40,13.35,74.7167,78.1,88,54,6.64,broken clouds
217,Nouakchott,MR,2021-05-31 20:56:40,18.0858,-15.9785,71.53,82,96,11.45,overcast clouds
218,Hobart,AU,2021-05-31 20:54:17,-42.8794,147.3294,50.92,69,0,5.99,light rain
219,Obigarm,TJ,2021-05-31 20:56:41,38.7173,69.7088,59.4,54,2,7.4,clear sky
220,Berdyaush,RU,2021-05-31 20:56:42,55.1619,59.1464,49.08,87,100,4.76,overcast clouds
221,Jumla,NP,2021-05-31 20:56:42,29.2747,82.1838,53.31,91,4,4.52,clear sky
222,Robertsport,LR,2021-05-31 20:56:43,6.7533,-11.3686,77.9,83,100,5.55,light rain
223,Sur,OM,2021-05-31 20:56:43,22.5667,59.5289,93.81,34,18,15.26,few clouds
224,Glasgow,GB,2021-05-31 20:53:37,55.8652,-4.2576,64.02,45,6,4.32,clear sky
225,Gejiu,CN,2021-05-31 20:56:44,23.306,103.1635,57.33,94,77,2.19,broken clouds
226,Airai,TL,2021-05-31 20:48:16,-8.9266,125.4092,57.27,93,100,1.9,overcast clouds
227,San Patricio,US,2021-05-31 20:56:45,28.017,-97.5169,88.52,59,98,15.46,overcast clouds
228,Bud,US,2021-05-31 20:56:46,39.447,-86.1758,75.24,46,53,6.11,broken clouds
229,Egvekinot,RU,2021-05-31 20:48:15,66.3167,-179.1667,38.84,48,100,3.76,overcast clouds
230,The Valley,AI,2021-05-31 20:56:47,18.217,-63.0578,84.81,70,40,16.11,scattered clouds
231,Ponot,PH,2021-05-31 20:56:48,8.452,123.0222,76.66,87,100,4.68,moderate rain
232,Rovaniemi,FI,2021-05-31 20:56:48,66.5,25.7167,53.01,58,0,5.75,clear sky
233,Whitehorse,CA,2021-05-31 20:56:48,60.7161,-135.0538,52.11,87,90,15.01,overcast clouds
234,Ekimchan,RU,2021-05-31 20:56:49,53.0667,132.9667,50.25,83,9,1.32,clear sky
235,Nacala,MZ,2021-05-31 20:56:49,-14.5428,40.6728,72.64,85,1,6.15,clear sky
236,Quatre Cocos,MU,2021-05-31 20:56:50,-20.2078,57.7625,71.71,73,4,9.13,clear sky
237,Upata,VE,2021-05-31 20:56:50,8.0086,-62.3989,74.19,87,63,5.68,broken clouds
238,Jaisalmer,IN,2021-05-31 20:56:50,26.9147,70.9181,84.54,67,0,24.05,clear sky
239,Bubaque,GW,2021-05-31 20:56:51,11.2833,-15.8333,78.28,80,100,9.82,overcast clouds
240,Opelousas,US,2021-05-31 20:56:51,30.5335,-92.0815,87.87,53,94,6.55,overcast clouds
241,Ornes,NO,2021-05-31 20:56:52,66.8689,13.7078,54.3,90,99,4.07,overcast clouds
242,Jaslo,PL,2021-05-31 20:56:52,49.7451,21.4725,48.88,88,91,1.88,overcast clouds
243,Dalbandin,PK,2021-05-31 20:56:53,28.8947,64.4101,86.63,8,0,1.19,clear sky
244,Kafanchan,NG,2021-05-31 20:56:53,9.5833,8.3,73.81,70,95,3.38,overcast clouds
245,Celestun,MX,2021-05-31 20:56:54,20.8667,-90.4,85.37,66,24,17.43,few clouds
246,Taian,CN,2021-05-31 20:56:54,36.1853,117.12,68.52,84,100,4.34,light rain
247,Pumiao,CN,2021-05-31 20:56:55,22.75,108.4833,79.2,95,100,4.14,overcast clouds
248,Merauke,ID,2021-05-31 20:56:56,-8.4667,140.3333,75.47,90,35,12.97,scattered clouds
249,Black River,JM,2021-05-31 20:56:57,18.0264,-77.8487,84.2,68,100,3.09,moderate rain
250,Pangkalanbuun,ID,2021-05-31 20:53:23,-2.6833,111.6167,74.07,98,98,0.72,overcast clouds
251,Kisangani,CD,2021-05-31 20:56:58,0.5167,25.2,72.05,97,99,3.89,overcast clouds
252,Flinders,AU,2021-05-31 20:44:22,-34.5833,150.8552,49.28,90,97,1.01,overcast clouds
253,Cap Malheureux,MU,2021-05-31 20:56:58,-19.9842,57.6142,72.09,79,0,3.0,clear sky
254,Henties Bay,NA,2021-05-31 20:56:59,-22.116,14.2845,57.85,84,0,10.13,clear sky
255,Areia Branca,BR,2021-05-31 20:56:20,-4.9561,-37.1369,81.09,78,83,14.27,broken clouds
256,Sibolga,ID,2021-05-31 20:52:49,1.7427,98.7792,76.66,89,100,3.4,overcast clouds
257,Opuwo,NA,2021-05-31 20:56:59,-18.0607,13.84,62.19,26,8,7.83,clear sky
258,La Palma,US,2021-05-31 20:53:57,33.8464,-118.0467,92.97,65,40,5.01,scattered clouds
259,Bethel,US,2021-05-31 20:57:00,41.3712,-73.414,67.95,69,66,1.99,broken clouds
260,Namatanai,PG,2021-05-31 20:57:00,-3.6667,152.4333,79.88,83,100,3.69,light rain
261,Burnie,AU,2021-05-31 20:52:56,-41.0667,145.9167,47.91,83,100,2.84,light rain
262,Guerrero Negro,MX,2021-05-31 20:57:01,27.9769,-114.0611,71.65,48,0,12.12,clear sky
263,Pochutla,MX,2021-05-31 20:48:47,15.7432,-96.4661,89.82,53,81,8.72,broken clouds
264,Cleveland,US,2021-05-31 20:55:00,41.4995,-81.6954,74.71,42,90,4.43,overcast clouds
265,Poum,NC,2021-05-31 20:57:01,-20.2333,164.0167,72.43,58,15,18.77,few clouds
266,Sinnamary,GF,2021-05-31 20:57:02,5.3833,-52.95,77.2,92,100,10.87,overcast clouds
267,Lodja,CD,2021-05-31 20:57:02,-3.4833,23.4333,72.68,50,100,1.83,overcast clouds
268,Juventino Rosas,MX,2021-05-31 20:57:03,20.65,-101.0,86.76,19,93,8.3,overcast clouds
269,Phan Thiet,VN,2021-05-31 20:57:03,10.9333,108.1,79.34,85,64,6.35,broken clouds
270,Strathpeffer,GB,2021-05-31 20:57:04,57.588,-4.5382,63.63,58,47,5.61,scattered clouds
271,Mount Gambier,AU,2021-05-31 20:53:25,-37.8333,140.7667,46.31,57,100,6.91,overcast clouds
272,Husavik,IS,2021-05-31 20:57:04,66.0449,-17.3389,53.51,53,32,10.07,scattered clouds
273,Te Anau,NZ,2021-05-31 20:57:05,-45.4167,167.7167,37.38,93,36,0.98,scattered clouds
274,Shingu,JP,2021-05-31 20:57:05,33.7333,135.9833,61.92,66,89,4.5,overcast clouds
275,Roznava,SK,2021-05-31 20:57:06,48.6601,20.5376,50.88,89,11,6.22,few clouds
276,Erzincan,TR,2021-05-31 20:57:06,39.75,39.5,61.02,54,9,6.51,clear sky
277,Kiruna,SE,2021-05-31 20:57:07,67.8557,20.2251,45.52,66,90,5.75,overcast clouds
278,Carlyle,US,2021-05-31 20:56:03,38.6103,-89.3726,77.27,46,84,5.99,broken clouds
279,Katsuura,JP,2021-05-31 20:57:07,35.1333,140.3,65.19,89,84,15.82,broken clouds
280,Monchegorsk,RU,2021-05-31 20:57:08,67.9397,32.8739,50.04,70,100,9.22,overcast clouds
281,Barra Patuca,HN,2021-05-31 20:57:08,15.8,-84.2833,84.58,66,5,10.83,clear sky
282,Salo,IT,2021-05-31 20:57:09,45.6086,10.531,64.83,78,1,3.36,clear sky
283,Las Tunas,CU,2021-05-31 20:57:09,20.9617,-76.9511,82.06,74,50,11.68,scattered clouds
284,Kotra,IN,2021-05-31 20:57:09,25.8167,79.3167,96.08,27,59,6.08,broken clouds
285,Derzhavinsk,KZ,2021-05-31 20:57:10,51.1,66.3167,65.84,78,100,14.07,overcast clouds
286,Deputatskiy,RU,2021-05-31 20:57:10,69.3,139.9,55.63,41,39,3.22,scattered clouds
287,San Lorenzo,PY,2021-05-31 20:52:47,-25.3333,-57.5333,76.59,29,0,3.0,clear sky
288,Constantine,DZ,2021-05-31 20:57:11,36.365,6.6147,74.61,53,75,3.44,broken clouds
289,Tual,ID,2021-05-31 20:57:11,-5.6667,132.75,81.5,77,9,16.78,clear sky
290,Pokhara,NP,2021-05-31 20:57:11,28.2333,83.9833,70.81,78,53,4.59,broken clouds
291,Ilheus,BR,2021-05-31 20:57:12,-14.7889,-39.0494,80.42,74,20,6.91,few clouds
292,Aswan,EG,2021-05-31 20:57:12,24.0934,32.907,95.52,11,77,9.89,broken clouds
293,Peterborough,GB,2021-05-31 20:57:13,52.5736,-0.2478,61.16,70,0,7.47,clear sky
294,Hirara,JP,2021-05-31 20:57:13,24.8,125.2833,79.75,84,87,11.18,overcast clouds
295,Thompson,CA,2021-05-31 20:54:50,55.7435,-97.8558,57.36,72,75,6.91,broken clouds
296,Hambantota,LK,2021-05-31 20:57:13,6.1241,81.1185,79.86,81,100,18.75,overcast clouds
297,Grindavik,IS,2021-05-31 20:48:25,63.8424,-22.4338,48.15,81,75,21.83,broken clouds
298,Santa Maria,BR,2021-05-31 20:57:14,-29.6842,-53.8069,61.9,59,0,2.24,clear sky
299,New Norfolk,AU,2021-05-31 20:57:14,-42.7826,147.0587,50.58,72,100,3.69,light rain
300,Avarua,CK,2021-05-31 20:57:15,-21.2078,-159.775,77.05,57,43,10.36,scattered clouds
301,Kokoda,PG,2021-05-31 20:57:15,-8.8785,147.7407,70.83,85,18,2.55,few clouds
302,Koindu,GN,2021-05-31 20:57:16,8.4386,-10.3253,71.82,95,100,4.92,overcast clouds
303,Kahului,US,2021-05-31 20:57:17,20.8947,-156.47,86.97,71,50,14.0,scattered clouds
304,Palmer,US,2021-05-31 20:57:17,42.1584,-72.3287,62.51,70,90,1.01,overcast clouds
305,Cherskiy,RU,2021-05-31 20:57:18,68.75,161.3,60.08,28,100,10.04,overcast clouds
306,Ilulissat,GL,2021-05-31 20:57:18,69.2167,-51.1,33.39,86,99,2.57,overcast clouds
307,Vestmannaeyjar,IS,2021-05-31 20:48:10,63.4427,-20.2734,47.39,81,40,9.22,scattered clouds
308,Bilma,NE,2021-05-31 20:57:19,18.6853,12.9164,94.44,9,100,7.4,overcast clouds
309,Pevek,RU,2021-05-31 20:57:19,69.7008,170.3133,39.34,71,3,2.21,clear sky
310,Sitka,US,2021-05-31 20:52:55,57.0531,-135.33,53.49,87,90,10.36,light rain
311,Norrtalje,SE,2021-05-31 20:57:20,59.758,18.705,54.23,69,4,6.89,clear sky
312,Mayskiy,RU,2021-05-31 20:57:20,47.6931,40.1025,65.44,80,98,11.14,overcast clouds
313,Jaffna,LK,2021-05-31 20:57:20,9.6685,80.0074,84.15,81,100,19.19,overcast clouds
314,Sacama,EC,2021-05-31 20:57:21,-3.9,-79.2667,60.53,69,95,4.9,light rain
315,Pisco,PE,2021-05-31 20:57:21,-13.7,-76.2167,66.25,77,90,5.75,overcast clouds
316,Pavlikeni,BG,2021-05-31 20:57:22,43.2428,25.3219,58.05,94,99,3.22,overcast clouds
317,Merritt,CA,2021-05-31 20:57:22,50.1123,-120.7942,78.46,36,99,4.59,overcast clouds
318,Bilibino,RU,2021-05-31 20:47:46,68.0546,166.4372,55.8,40,32,1.86,scattered clouds
319,Almeirim,BR,2021-05-31 20:55:20,-1.5233,-52.5817,79.34,87,34,3.27,scattered clouds
320,Aksha,RU,2021-05-31 20:57:24,50.2814,113.2867,37.38,52,21,13.22,few clouds
321,Port Hardy,CA,2021-05-31 20:49:14,50.6996,-127.4199,60.98,77,90,5.75,overcast clouds
322,Wanning,CN,2021-05-31 20:57:25,18.8003,110.3967,82.13,92,100,9.26,overcast clouds
323,Evensk,RU,2021-05-31 20:54:39,61.95,159.2333,45.97,69,71,4.7,broken clouds
324,Monrovia,LR,2021-05-31 20:57:26,6.3005,-10.7969,76.77,85,100,7.11,light rain
325,Constitucion,CL,2021-05-31 20:48:30,-35.3333,-72.4167,60.3,88,79,6.78,broken clouds
326,Kalmunai,LK,2021-05-31 20:48:35,7.4167,81.8167,80.91,79,99,3.51,overcast clouds
327,Moranbah,AU,2021-05-31 20:57:27,-22.0016,148.0466,55.08,95,12,7.2,few clouds
328,Verkhoyansk,RU,2021-05-31 20:57:28,67.5447,133.385,47.25,82,100,2.82,overcast clouds
329,Neuquen,AR,2021-05-31 20:54:01,-38.9516,-68.0591,66.09,55,40,5.75,scattered clouds
330,Gusinoye Ozero,RU,2021-05-31 20:57:28,51.1144,106.2614,36.41,75,88,7.14,overcast clouds
331,Gravelbourg,CA,2021-05-31 20:57:28,49.8834,-106.5512,77.27,26,100,12.55,overcast clouds
332,Abu Dhabi,AE,2021-05-31 20:56:28,24.4667,54.3667,91.51,55,0,9.48,clear sky
333,Puerto Escondido,MX,2021-05-31 20:53:13,15.85,-97.0667,87.24,67,80,8.77,broken clouds
334,Keti Bandar,PK,2021-05-31 20:57:29,24.1447,67.4497,83.44,85,31,18.39,scattered clouds
335,Saint-Joseph,RE,2021-05-31 20:57:30,-21.3667,55.6167,70.16,66,11,7.36,few clouds
336,Tessalit,ML,2021-05-31 20:57:30,20.1986,1.0114,97.72,6,1,18.57,clear sky
337,Reshetylivka,UA,2021-05-31 20:57:31,49.565,34.0782,48.49,78,100,11.16,overcast clouds
338,Kavaratti,IN,2021-05-31 20:57:31,10.5669,72.642,83.46,75,100,19.37,overcast clouds
339,Taltal,CL,2021-05-31 20:57:32,-25.4,-70.4833,68.65,62,16,2.91,few clouds
340,Nishihara,JP,2021-05-31 20:57:32,26.1842,127.7558,74.48,88,75,16.58,broken clouds
341,Luganville,VU,2021-05-31 20:57:32,-15.5333,167.1667,76.51,81,100,6.38,overcast clouds
342,Lompoc,US,2021-05-31 20:54:49,34.6391,-120.4579,80.74,69,40,4.0,scattered clouds
343,Sakakah,SA,2021-05-31 20:57:33,29.9697,40.2064,89.17,12,0,6.15,clear sky
344,Kanbe,MM,2021-05-31 20:57:33,16.7053,96.0017,80.65,83,80,3.83,broken clouds
345,Riyadh,SA,2021-05-31 20:56:29,24.6877,46.7219,96.85,12,0,6.91,clear sky
346,Baghdad,IQ,2021-05-31 20:56:35,33.3406,44.4009,84.11,26,0,9.42,clear sky
347,Moyale,KE,2021-05-31 20:57:35,3.5167,39.0584,67.96,67,34,5.97,scattered clouds
348,Batobato,PH,2021-05-31 20:57:35,6.8252,126.0846,76.98,88,100,7.92,moderate rain
349,Tsumeb,NA,2021-05-31 20:57:36,-19.2333,17.7167,63.48,22,93,6.31,overcast clouds
350,Kloulklubed,PW,2021-05-31 20:57:36,7.0419,134.2556,81.1,78,100,17.83,overcast clouds
351,Muyezerskiy,RU,2021-05-31 20:57:37,63.9333,31.65,46.27,88,64,5.17,broken clouds
352,Huanren,CN,2021-05-31 20:57:38,41.2647,125.3667,56.34,99,100,4.34,moderate rain
353,Abashiri,JP,2021-05-31 20:57:38,44.0213,144.2697,41.92,84,94,5.17,overcast clouds
354,Evinayong,GQ,2021-05-31 20:57:38,1.4368,10.5512,69.24,98,100,1.92,light rain
355,Lima,PE,2021-05-31 20:55:26,-12.0432,-77.0282,64.65,77,90,3.44,overcast clouds
356,Tomatlan,MX,2021-05-31 20:57:39,19.9333,-105.25,92.77,34,100,11.54,overcast clouds
357,Craigieburn,AU,2021-05-31 20:57:39,-37.6,144.95,49.14,57,0,8.5,clear sky
358,Virden,US,2021-05-31 20:57:39,39.5009,-89.7679,75.06,48,100,4.92,overcast clouds
359,Broadford,AU,2021-05-31 20:57:40,-37.2,145.0667,48.79,84,73,3.31,broken clouds
360,Jaen,ES,2021-05-31 20:57:40,38.0,-3.5,71.92,55,100,4.29,overcast clouds
361,Loukhi,RU,2021-05-31 20:57:41,66.0764,33.0381,46.38,71,100,4.97,overcast clouds
362,Viedma,AR,2021-05-31 20:57:41,-40.8135,-62.9967,52.75,81,100,12.37,overcast clouds
363,Olafsvik,IS,2021-05-31 20:56:23,64.8945,-23.7142,45.37,77,63,19.82,broken clouds
364,Oistins,BB,2021-05-31 20:57:42,13.0667,-59.5333,86.09,51,40,19.57,scattered clouds
365,Ereymentau,KZ,2021-05-31 20:57:42,51.6199,73.1033,66.38,55,16,7.29,few clouds
366,Saint Anthony,US,2021-05-31 20:57:43,45.0205,-93.218,78.89,37,5,3.0,clear sky
367,Los Llanos De Aridane,ES,2021-05-31 20:57:43,28.6585,-17.9182,64.15,87,20,10.4,few clouds
368,Shakawe,BW,2021-05-31 20:57:44,-18.3667,21.85,58.5,29,98,2.15,overcast clouds
369,Santa Rita Do Sapucai,BR,2021-05-31 20:57:44,-22.2522,-45.7033,62.89,91,28,7.85,scattered clouds
370,Raga,SS,2021-05-31 20:57:44,8.4596,25.678,81.68,40,43,4.14,scattered clouds
371,Huoqiu,CN,2021-05-31 20:57:45,32.3394,116.2694,73.6,82,30,3.89,scattered clouds
372,Nhulunbuy,AU,2021-05-31 20:57:46,-12.2333,136.7667,75.81,88,90,12.66,overcast clouds
373,Arandis,NA,2021-05-31 20:57:47,-22.4167,14.9667,51.46,36,0,3.06,clear sky
374,Mandalgovi,MN,2021-05-31 20:57:47,45.7625,106.2708,37.51,60,100,8.84,overcast clouds
375,Doha,QA,2021-05-31 20:57:48,25.2867,51.5333,100.38,20,0,10.36,clear sky
376,Certeze,RO,2021-05-31 20:57:48,47.9,23.4667,50.27,85,57,5.75,broken clouds
377,Teya,RU,2021-05-31 20:57:49,60.3778,92.6267,45.66,73,67,5.7,broken clouds
378,Samana,DO,2021-05-31 20:57:49,19.2056,-69.3369,88.02,74,40,11.5,scattered clouds
379,Traipu,BR,2021-05-31 20:57:49,-9.9706,-37.0033,73.87,93,36,6.22,scattered clouds
380,Zabol,AF,2021-05-31 20:57:50,32.25,67.25,70.47,15,0,9.55,clear sky
381,Carlogani,RO,2021-05-31 20:57:50,44.5167,24.15,52.39,94,100,3.87,overcast clouds
382,Marawi,PH,2021-05-31 20:57:50,7.9986,124.2928,67.64,95,100,2.82,moderate rain
383,Hope,US,2021-05-31 20:56:03,33.6671,-93.5916,83.28,47,98,3.71,overcast clouds
384,Srednekolymsk,RU,2021-05-31 20:57:51,67.45,153.6833,61.83,36,7,13.67,clear sky
385,Urdoma,RU,2021-05-31 20:57:51,61.7533,48.5442,38.73,61,4,3.94,clear sky
386,Prieska,ZA,2021-05-31 20:57:52,-29.6641,22.7474,47.89,59,2,12.88,clear sky
387,Vestmanna,FO,2021-05-31 20:57:52,62.1564,-7.1664,50.92,87,100,8.99,overcast clouds
388,Boralday,KZ,2021-05-31 20:57:53,43.3578,76.8594,66.06,42,0,5.84,clear sky
389,Makakilo City,US,2021-05-31 20:57:53,21.3469,-158.0858,85.6,55,11,2.89,few clouds
390,Klyuchi,RU,2021-05-31 20:57:54,52.2667,79.1667,63.16,57,64,8.93,broken clouds
391,Talnakh,RU,2021-05-31 20:57:54,69.4865,88.3972,31.68,95,100,5.75,light snow
392,Alice Springs,AU,2021-05-31 20:57:55,-23.7,133.8833,53.15,40,90,8.03,overcast clouds
393,Hailey,US,2021-05-31 20:57:56,43.5196,-114.3153,76.89,27,39,7.0,scattered clouds
394,Ust-Omchug,RU,2021-05-31 20:57:56,61.15,149.6333,37.31,79,100,5.84,overcast clouds
395,Alta Floresta,BR,2021-05-31 20:57:57,-9.8756,-56.0861,89.42,48,40,1.14,scattered clouds
396,Saint-Raymond,CA,2021-05-31 20:55:21,45.467,-73.6095,72.05,50,20,3.44,few clouds
397,Almaty,KZ,2021-05-31 20:57:57,43.25,76.95,64.31,42,0,8.7,clear sky
398,Sicuani,PE,2021-05-31 20:57:58,-14.2694,-71.2261,57.58,34,100,6.26,overcast clouds
399,San Juan,AR,2021-05-31 20:57:58,-31.5375,-68.5364,75.72,22,9,7.25,clear sky
400,Lorengau,PG,2021-05-31 20:57:59,-2.0226,147.2712,80.71,85,98,11.07,overcast clouds
401,Puerto Maldonado,PE,2021-05-31 20:57:59,-12.6,-69.1833,75.6,83,75,3.44,broken clouds
402,Hede,CN,2021-05-31 20:57:59,33.7681,120.2517,64.74,83,82,8.05,broken clouds
403,Yining,CN,2021-05-31 20:53:56,29.0361,114.5636,71.37,95,49,1.28,scattered clouds
404,Coihaique,CL,2021-05-31 20:58:00,-45.5752,-72.0662,54.21,82,75,12.66,broken clouds
405,Salalah,OM,2021-05-31 20:58:00,17.0151,54.0924,81.37,78,99,8.77,overcast clouds
406,Morehead,US,2021-05-31 20:58:01,37.2711,-87.1764,76.98,41,1,1.01,clear sky
407,Bonavista,CA,2021-05-31 20:58:01,48.6499,-53.1147,59.0,57,100,13.82,overcast clouds
408,Ust-Kuyga,RU,2021-05-31 20:58:01,70.0167,135.6,57.34,59,51,2.1,broken clouds
409,Portland,US,2021-05-31 20:55:56,45.5234,-122.6762,87.6,34,58,1.99,broken clouds
410,Benalla,AU,2021-05-31 20:58:02,-36.55,145.9833,31.75,74,83,5.28,broken clouds
411,Pangai,TO,2021-05-31 20:58:03,-19.8,-174.35,75.31,83,75,4.61,broken clouds
412,Linqiong,CN,2021-05-31 20:58:03,30.4159,103.4609,75.02,68,100,1.97,overcast clouds
413,Port Macquarie,AU,2021-05-31 20:56:22,-31.4333,152.9167,47.37,89,80,3.83,broken clouds
414,Gorontalo,ID,2021-05-31 20:58:04,0.5412,123.0595,75.54,95,100,2.64,overcast clouds
415,Pitimbu,BR,2021-05-31 20:58:05,-7.4706,-34.8086,79.39,80,8,10.98,clear sky
416,Weatherford,US,2021-05-31 20:58:06,32.7593,-97.7972,77.27,67,96,11.72,heavy intensity rain
417,Penzance,GB,2021-05-31 20:58:06,50.1186,-5.5371,60.01,84,100,11.41,overcast clouds
418,Provideniya,RU,2021-05-31 20:58:07,64.3833,-173.3,44.71,61,0,13.42,clear sky
419,At-Bashi,KG,2021-05-31 20:58:07,41.1702,75.8106,50.41,85,63,0.81,broken clouds
420,Rawson,AR,2021-05-31 20:58:07,-43.3002,-65.1023,49.73,94,100,11.12,light rain
421,Loa Janan,ID,2021-05-31 20:58:08,-0.583,117.095,73.78,97,100,2.57,overcast clouds
422,Bundaberg,AU,2021-05-31 20:58:08,-24.85,152.35,60.22,91,40,3.0,scattered clouds
423,Puerto Rico,AR,2021-05-31 20:58:09,-26.796,-55.024,61.66,42,0,2.53,clear sky
424,Darhan,MN,2021-05-31 20:58:09,49.4867,105.9228,36.77,61,31,2.64,scattered clouds
425,Gondanglegi,ID,2021-05-31 20:58:09,-7.7479,112.0132,73.78,93,92,7.11,overcast clouds
426,Katherine,AU,2021-05-31 20:58:10,-14.4667,132.2667,66.52,88,100,3.85,overcast clouds
427,Bunia,CD,2021-05-31 20:55:08,1.5667,30.25,65.39,86,68,3.33,broken clouds
428,Petropavl,KZ,2021-05-31 20:58:10,54.8753,69.1628,52.3,87,99,14.61,overcast clouds
429,Ola,RU,2021-05-31 20:58:11,59.5833,151.2833,36.88,98,100,2.17,light rain
430,Halifax,CA,2021-05-31 20:57:02,44.6453,-63.5724,60.69,94,90,3.0,fog
431,Khani,GE,2021-05-31 20:58:11,41.9563,42.9566,56.77,94,19,3.96,few clouds
432,Tabou,CI,2021-05-31 20:58:12,4.423,-7.3528,76.3,92,100,5.91,moderate rain
433,Santa Cruz Del Sur,CU,2021-05-31 20:58:13,20.7147,-77.9956,82.62,70,28,6.31,heavy intensity rain
434,Puerto Baquerizo Moreno,EC,2021-05-31 20:58:13,-0.9,-89.6,79.79,69,40,16.11,scattered clouds
435,Ulladulla,AU,2021-05-31 20:58:14,-35.35,150.4667,49.1,63,99,5.48,overcast clouds
436,Tamandare,BR,2021-05-31 20:58:14,-8.7597,-35.1047,76.89,86,39,7.56,scattered clouds
437,Los Andes,CL,2021-05-31 20:58:15,-32.8337,-70.5983,69.89,28,18,1.83,few clouds
438,Vao,NC,2021-05-31 20:58:16,-22.6667,167.4833,70.7,55,100,16.75,overcast clouds
439,Bathsheba,BB,2021-05-31 20:58:17,13.2167,-59.5167,86.61,51,40,18.45,scattered clouds
440,Dunedin,NZ,2021-05-31 20:54:51,-45.8742,170.5036,43.81,72,51,7.0,broken clouds
441,Ballina,AU,2021-05-31 20:58:17,-28.8667,153.5667,54.79,94,40,5.75,scattered clouds
442,Saldanha,ZA,2021-05-31 20:58:18,-33.0117,17.9442,53.65,81,27,4.5,light rain
443,Chara,RU,2021-05-31 20:58:18,56.9064,118.2631,48.69,72,20,4.09,few clouds
444,Chico,US,2021-05-31 20:53:42,39.7285,-121.8375,106.21,19,35,1.99,scattered clouds
445,Walvis Bay,NA,2021-05-31 20:58:19,-22.9575,14.5053,58.08,67,0,14.47,clear sky
446,Praia,CV,2021-05-31 20:58:19,14.9215,-23.5087,75.74,69,75,12.66,broken clouds
447,Marrakesh,MA,2021-05-31 20:58:19,31.6315,-8.0083,78.87,44,75,10.36,broken clouds
448,Sohag,EG,2021-05-31 20:58:20,26.557,31.6948,95.29,15,0,8.66,clear sky
449,Anicuns,BR,2021-05-31 20:58:20,-16.4611,-49.9617,75.9,49,78,2.44,broken clouds
450,La Rioja,ES,2021-05-31 20:58:20,42.25,-2.5,66.04,90,96,2.3,overcast clouds
451,Vilhena,BR,2021-05-31 20:58:22,-12.7406,-60.1458,84.42,51,40,8.05,scattered clouds
452,Sidi Ali,DZ,2021-05-31 20:58:23,36.0998,0.4206,71.04,61,100,11.3,overcast clouds
453,Khalkhal,IR,2021-05-31 20:58:23,37.6189,48.5258,59.34,55,1,2.77,clear sky
454,Oranjemund,NA,2021-05-31 20:58:24,-28.55,16.4333,55.62,88,0,11.01,clear sky
455,Miri,MY,2021-05-31 20:58:24,4.4148,114.0089,77.14,94,20,2.57,few clouds
456,Omboue,GA,2021-05-31 20:58:25,-1.5746,9.2618,76.14,91,99,6.15,overcast clouds
457,Cidreira,BR,2021-05-31 20:58:25,-30.1811,-50.2056,56.3,57,35,6.31,scattered clouds
458,Samarai,PG,2021-05-31 20:58:26,-10.6167,150.6667,78.37,75,85,19.51,overcast clouds
459,Yangjiang,CN,2021-05-31 20:58:26,21.85,111.9667,82.11,86,100,4.09,overcast clouds
460,Kintampo,GH,2021-05-31 20:58:27,8.0563,-1.7306,73.2,96,51,7.76,heavy intensity rain
461,Torbay,CA,2021-05-31 20:58:27,47.6666,-52.7314,55.15,70,99,14.18,overcast clouds
462,Rutland,US,2021-05-31 20:58:28,43.6167,-73.0162,59.25,92,90,6.49,light rain
463,Tokur,RU,2021-05-31 20:58:28,53.1333,132.9,46.58,83,9,1.92,clear sky
464,Nantucket,US,2021-05-31 20:58:29,41.2835,-70.0995,57.96,94,90,14.97,overcast clouds
465,Urucara,BR,2021-05-31 20:58:29,-2.5364,-57.76,83.57,68,100,2.28,overcast clouds
466,Havoysund,NO,2021-05-31 20:58:30,70.9963,24.6622,43.68,98,100,21.54,overcast clouds
467,Victoria Point,AU,2021-05-31 20:58:30,-27.5833,153.3,58.98,90,21,6.64,few clouds
468,Mawlaik,MM,2021-05-31 20:58:30,23.6333,94.4167,76.26,93,100,0.89,overcast clouds
469,Trapani,IT,2021-05-31 20:58:30,37.8333,12.6667,68.18,74,68,7.52,broken clouds
470,Talaya,RU,2021-05-31 20:58:31,61.3833,152.75,39.2,66,84,8.57,broken clouds
471,Guilin,CN,2021-05-31 20:58:31,25.2819,110.2864,77.11,95,34,2.37,scattered clouds
472,Ziro,IN,2021-05-31 20:58:32,27.6333,93.8333,56.44,99,100,0.89,overcast clouds
473,Hasaki,JP,2021-05-31 20:55:46,35.7333,140.8333,63.28,80,99,11.32,overcast clouds
474,Abalak,RU,2021-05-31 20:58:32,58.1286,68.5944,40.44,83,39,10.63,scattered clouds
475,Oranjestad,AW,2021-05-31 20:58:32,12.524,-70.027,87.75,73,20,10.0,few clouds
476,Vardo,NO,2021-05-31 20:58:33,70.3705,31.1107,43.0,100,90,11.5,mist
477,Moa,CU,2021-05-31 20:58:33,20.6569,-74.9403,82.81,70,67,13.24,broken clouds
478,Hamilton,US,2021-05-31 20:57:18,39.1834,-84.5333,76.59,46,89,1.99,overcast clouds
479,Palmira,CO,2021-05-31 20:58:34,3.5394,-76.3036,85.48,54,40,10.36,scattered clouds
480,Gayny,RU,2021-05-31 20:58:35,60.3071,54.3241,36.91,63,0,1.21,clear sky
481,Chany,RU,2021-05-31 20:58:35,55.3121,76.7647,61.84,74,100,6.04,overcast clouds
482,Najran,SA,2021-05-31 20:58:36,17.4924,44.1277,86.65,14,3,4.76,clear sky
483,Daru,PG,2021-05-31 20:58:36,-9.0763,143.2092,77.4,85,74,17.36,broken clouds
484,Wajima,JP,2021-05-31 20:58:37,37.4,136.9,59.0,85,26,11.9,scattered clouds
485,Mount Isa,AU,2021-05-31 20:58:37,-20.7333,139.5,55.17,67,11,3.44,few clouds
486,Baykit,RU,2021-05-31 20:58:37,61.67,96.37,45.14,79,86,3.42,overcast clouds
487,Westport,US,2021-05-31 20:58:38,41.1415,-73.3579,69.91,71,66,1.99,broken clouds
488,Hithadhoo,MV,2021-05-31 20:58:38,-0.6,73.0833,83.59,69,83,16.42,broken clouds
489,Isla Vista,US,2021-05-31 20:58:38,34.4133,-119.861,84.99,69,12,1.99,few clouds
490,Beaverlodge,CA,2021-05-31 20:58:39,55.2166,-119.4361,70.95,37,98,12.17,overcast clouds
491,Trelleborg,SE,2021-05-31 20:58:39,55.3751,13.1569,62.94,82,100,10.27,overcast clouds
492,Severo-Yeniseyskiy,RU,2021-05-31 20:58:39,60.3725,93.0408,43.88,69,61,6.6,broken clouds
493,Tateyama,JP,2021-05-31 20:58:40,34.9833,139.8667,65.1,88,59,14.56,broken clouds
494,Lakes Entrance,AU,2021-05-31 20:58:40,-37.8811,147.981,38.57,59,99,4.7,overcast clouds
495,Buchanan,LR,2021-05-31 20:55:28,5.8808,-10.0467,76.96,90,100,4.5,moderate rain
496,Dolinsk,RU,2021-05-31 20:58:41,47.35,142.8,35.46,75,2,3.51,clear sky
497,Suraabad,AZ,2021-05-31 20:58:41,40.8192,49.4687,64.58,68,0,5.32,clear sky
498,Myanaung,MM,2021-05-31 20:58:41,18.2833,95.3167,81.21,72,100,1.23,overcast clouds
499,Fare,PF,2021-05-31 20:58:42,-16.7,-151.0167,78.1,66,23,15.3,few clouds
500,Ankang,CN,2021-05-31 20:58:42,32.68,109.0172,69.13,82,98,0.78,overcast clouds
501,Xai-Xai,MZ,2021-05-31 20:58:43,-25.0519,33.6442,66.49,75,44,7.2,scattered clouds
502,Sao Filipe,CV,2021-05-31 20:58:43,14.8961,-24.4956,72.82,81,40,6.17,scattered clouds
503,Turukhansk,RU,2021-05-31 20:58:44,65.8167,87.9833,39.61,94,100,6.51,light rain
504,Saint-Pierre,RE,2021-05-31 20:58:44,-21.3393,55.4781,71.24,71,0,6.91,clear sky
505,Yatou,CN,2021-05-31 20:58:45,37.15,122.3833,62.01,91,100,3.4,light rain
506,Awbari,LY,2021-05-31 20:58:46,26.5921,12.7805,87.87,16,0,10.18,clear sky
507,Makurdi,NG,2021-05-31 20:58:46,7.7411,8.5121,77.72,87,93,11.32,light rain
508,Weligama,LK,2021-05-31 20:58:47,5.9667,80.4167,79.99,83,100,13.85,overcast clouds
509,Scarborough,GB,2021-05-31 20:58:47,54.2797,-0.4044,53.91,88,1,5.01,clear sky
510,Newport,GB,2021-05-31 20:58:48,51.5877,-2.9984,64.94,79,4,4.43,clear sky
511,Ust-Maya,RU,2021-05-31 20:58:48,60.4167,134.5333,51.89,87,89,1.74,overcast clouds
512,Rio De Janeiro,BR,2021-05-31 20:55:08,-22.9028,-43.2075,73.9,97,90,3.44,mist
513,Ixtapa,MX,2021-05-31 20:58:48,20.7,-105.2,95.97,32,82,9.51,broken clouds
514,Igrim,RU,2021-05-31 20:58:49,63.1906,64.4162,39.13,57,4,5.57,clear sky
515,Hailar,CN,2021-05-31 20:58:49,49.2,119.7,43.66,88,100,11.61,overcast clouds
516,Homer,US,2021-05-31 20:58:50,59.6425,-151.5483,64.08,73,100,3.0,overcast clouds
517,Santa Barbara,US,2021-05-31 20:58:50,34.7333,-120.0343,77.99,44,1,8.9,clear sky
518,Kandrian,PG,2021-05-31 20:58:50,-6.2167,149.55,77.61,94,100,10.87,moderate rain
519,Dinguiraye,GN,2021-05-31 20:58:51,11.3,-10.7167,75.7,77,79,6.58,moderate rain
520,Nueva Loja,EC,2021-05-31 20:58:51,0.0847,-76.8828,73.42,100,90,4.61,overcast clouds
521,Iquique,CL,2021-05-31 20:55:59,-20.2208,-70.1431,64.44,76,94,4.76,overcast clouds
522,Takoradi,GH,2021-05-31 20:58:52,4.8845,-1.7554,78.76,84,100,7.31,overcast clouds
523,Yerbogachen,RU,2021-05-31 20:58:52,61.2767,108.0108,50.22,68,45,4.21,scattered clouds
524,San Jose,US,2021-05-31 20:55:29,37.3394,-121.895,103.26,35,1,5.01,clear sky
525,Cacu,BR,2021-05-31 20:58:52,-18.5567,-51.1308,78.06,45,91,4.61,overcast clouds
526,Tetiyiv,UA,2021-05-31 20:58:53,49.3767,29.6647,45.12,92,95,6.87,overcast clouds
527,Maltahohe,NA,2021-05-31 20:58:53,-24.8333,16.9833,49.23,39,0,15.01,clear sky
528,Kecel,HU,2021-05-31 20:58:54,46.5253,19.2519,52.93,76,100,4.25,light rain
529,Abha,SA,2021-05-31 20:58:54,18.2164,42.5053,76.82,14,0,9.17,clear sky
530,Mezen,RU,2021-05-31 20:58:55,65.8522,44.24,41.9,68,61,5.57,broken clouds
531,Cockburn Town,TC,2021-05-31 20:58:38,21.4612,-71.1419,80.15,78,100,17.98,overcast clouds
532,Umkomaas,ZA,2021-05-31 20:58:56,-30.2067,30.7978,61.68,79,100,8.75,light rain
533,Caluquembe,AO,2021-05-31 20:58:57,-13.7833,14.6833,57.54,30,5,0.81,clear sky
534,Fort Collins,US,2021-05-31 20:56:58,40.5853,-105.0844,66.49,58,70,1.01,broken clouds
535,Karratha,AU,2021-05-31 20:58:57,-20.7377,116.8463,66.31,49,13,13.42,few clouds
536,Alamosa,US,2021-05-31 20:58:57,37.4695,-105.87,57.65,76,90,20.71,heavy intensity rain
537,Manoel Urbano,BR,2021-05-31 20:58:58,-8.8389,-69.2597,77.68,96,100,2.35,overcast clouds
538,Komsomolskiy,UZ,2021-05-31 20:58:58,40.4272,71.7189,74.62,33,3,6.91,clear sky
539,Magistralnyy,RU,2021-05-31 20:58:58,56.1725,107.4458,40.64,95,100,6.4,overcast clouds
540,Beloslav,BG,2021-05-31 20:58:59,43.1833,27.7,56.19,97,75,6.33,broken clouds
541,Coquimbo,CL,2021-05-31 20:58:59,-29.9533,-71.3436,64.13,59,0,6.08,clear sky
542,Inzhavino,RU,2021-05-31 20:59:00,52.3185,42.4937,47.59,84,100,8.95,overcast clouds
543,Montauban,FR,2021-05-31 20:59:00,44.0833,1.5,68.68,73,19,8.72,few clouds
544,Sayyan,YE,2021-05-31 20:59:00,15.1718,44.3244,65.68,15,4,3.22,clear sky
545,Nuuk,GL,2021-05-31 20:59:02,64.1835,-51.7216,34.88,93,99,11.01,overcast clouds
546,Indianola,US,2021-05-31 20:54:38,41.3581,-93.5574,74.14,51,98,6.46,overcast clouds
547,Knysna,ZA,2021-05-31 20:59:03,-34.0363,23.0471,52.18,78,57,7.43,broken clouds
548,Harper,LR,2021-05-31 20:59:04,4.375,-7.7169,76.53,91,100,6.11,light rain
549,West Wendover,US,2021-05-31 20:59:04,40.7391,-114.0733,79.79,11,12,5.55,few clouds
550,Gunjur,GM,2021-05-31 20:59:05,13.2019,-16.7339,77.07,78,40,12.35,scattered clouds
551,Ketchikan,US,2021-05-31 20:59:05,55.3422,-131.6461,57.18,99,100,5.06,moderate rain
552,Matagami,CA,2021-05-31 20:59:06,49.7502,-77.6328,69.91,28,90,7.83,overcast clouds
553,Bujaru,BR,2021-05-31 20:59:07,-1.515,-48.0447,89.62,95,40,2.73,scattered clouds
554,Corner Brook,CA,2021-05-31 20:59:07,48.9667,-57.9484,59.16,80,100,6.29,overcast clouds
555,Pozo Colorado,PY,2021-05-31 20:59:07,-23.4923,-58.7972,72.55,26,0,4.14,clear sky
556,Piacabucu,BR,2021-05-31 20:59:08,-10.4056,-36.4344,76.93,82,12,6.26,few clouds
557,Yumen,CN,2021-05-31 20:59:08,40.2833,97.2,63.63,13,10,10.67,clear sky
558,Kaniama,CD,2021-05-31 20:59:09,-7.5667,24.1833,65.86,54,53,4.56,broken clouds
559,Victoria,HK,2021-05-31 20:59:09,22.2855,114.1577,81.32,94,100,1.01,moderate rain
560,Mponela,MW,2021-05-31 20:59:10,-13.5319,33.7401,58.95,74,0,5.37,clear sky
561,Linxia,CN,2021-05-31 20:59:10,35.6003,103.2064,52.12,62,100,0.58,overcast clouds
562,Porvoo,FI,2021-05-31 20:59:10,60.3923,25.6651,52.11,94,92,4.79,overcast clouds
563,Crawfordsville,US,2021-05-31 20:59:11,40.0411,-86.8745,74.32,51,97,6.44,overcast clouds
564,Safaga,EG,2021-05-31 20:54:12,26.7292,33.9365,96.75,26,58,17.74,broken clouds
565,Lluta,PE,2021-05-31 20:59:11,-16.0147,-72.0142,57.47,55,100,6.96,overcast clouds
566,Northam,GB,2021-05-31 20:59:12,51.0333,-4.2167,61.39,68,98,8.32,overcast clouds
567,Pali,IN,2021-05-31 20:59:12,25.7667,73.3333,89.01,50,67,14.67,broken clouds
568,Quelimane,MZ,2021-05-31 20:59:13,-17.8786,36.8883,71.55,88,0,5.01,clear sky
569,College,US,2021-05-31 20:59:13,64.8569,-147.8028,67.46,44,93,0.98,overcast clouds
570,Mizdah,LY,2021-05-31 20:59:14,31.4451,12.9801,73.78,41,52,14.36,broken clouds
571,Waitara,NZ,2021-05-31 20:59:14,-38.925,174.25,51.71,71,5,18.34,clear sky
572,Lensk,RU,2021-05-31 20:59:15,60.7253,114.9278,52.45,91,93,5.12,overcast clouds
573,Namwala,ZM,2021-05-31 20:59:15,-15.7504,26.4384,56.44,47,35,3.38,scattered clouds
574,Iznoski,RU,2021-05-31 20:59:16,54.9881,35.3108,39.88,90,46,0.81,scattered clouds
575,Muros,ES,2021-05-31 20:59:16,42.7762,-9.0603,66.7,90,71,1.32,broken clouds
576,Altus,US,2021-05-31 20:59:17,34.6381,-99.334,72.99,71,40,11.5,scattered clouds
577,Nushki,PK,2021-05-31 20:59:17,29.5542,66.0215,82.74,8,0,3.22,clear sky
578,Dryden,CA,2021-05-31 20:59:18,49.7833,-92.7503,68.29,37,20,4.61,few clouds
579,Dalvik,IS,2021-05-31 20:59:18,65.9702,-18.5286,53.53,58,59,8.21,broken clouds
580,Belaya Gora,RU,2021-05-31 20:57:59,68.5333,146.4167,64.9,31,10,11.56,clear sky
581,Sao Joao Da Barra,BR,2021-05-31 20:55:16,-21.6403,-41.0511,71.69,88,28,7.83,scattered clouds
582,Karaton,ID,2021-05-31 20:59:19,-6.3424,106.1045,79.95,94,92,2.82,overcast clouds
583,Naze,JP,2021-05-31 20:59:19,28.3667,129.4833,71.15,72,49,19.66,scattered clouds
584,Caravelas,BR,2021-05-31 20:59:20,-17.7125,-39.2481,73.49,80,9,4.63,clear sky
585,Malabugas,PH,2021-05-31 20:59:20,9.3681,122.7678,79.23,84,99,2.55,moderate rain
586,Sao Miguel,BR,2021-05-31 20:59:21,-5.4667,-35.3667,82.72,81,13,10.51,few clouds
587,Kralendijk,BQ,2021-05-31 20:59:23,12.15,-68.2667,80.49,85,39,20.67,scattered clouds
588,Nanortalik,GL,2021-05-31 20:59:24,60.1432,-45.2371,39.2,86,43,12.41,scattered clouds
589,Catemaco,MX,2021-05-31 20:59:25,18.4167,-95.1167,85.75,50,69,5.48,broken clouds
590,Boma,GH,2021-05-31 20:59:25,7.0805,-2.1697,74.41,97,41,5.26,scattered clouds
591,Hearst,CA,2021-05-31 20:59:26,49.6835,-83.6665,64.65,40,100,6.13,overcast clouds
592,Hami,CN,2021-05-31 20:59:26,42.8,93.45,69.3,15,26,14.83,scattered clouds
593,Yulara,AU,2021-05-31 20:59:27,-25.2406,130.9889,57.04,47,90,0.0,overcast clouds
594,Ialibu,PG,2021-05-31 20:59:27,-6.2821,143.9935,55.92,94,99,1.21,overcast clouds
595,Azoyu,MX,2021-05-31 20:59:27,16.7167,-98.7333,90.79,52,84,9.15,broken clouds
596,Varzea Grande,BR,2021-05-31 20:59:28,-15.6467,-56.1325,80.47,65,20,5.75,few clouds
597,Grand Gaube,MU,2021-05-31 20:59:28,-20.0064,57.6608,72.0,79,0,1.99,clear sky
598,Slave Lake,CA,2021-05-31 20:59:29,55.2834,-114.769,62.58,59,1,6.91,clear sky
599,Lozuvatka,UA,2021-05-31 20:59:29,48.0571,33.2858,57.61,67,0,13.0,clear sky
600,Huarmey,PE,2021-05-31 20:59:30,-10.0681,-78.1522,69.8,77,99,10.36,overcast clouds
601,Belpasso,IT,2021-05-31 20:59:30,37.5947,14.9834,60.42,82,75,0.54,broken clouds
602,Lubumbashi,CD,2021-05-31 20:55:12,-11.6609,27.4794,54.9,52,5,2.17,clear sky
603,Kadaya,RU,2021-05-31 20:59:30,50.9327,119.2911,46.18,95,100,3.83,light rain
604,Farrukhabad,IN,2021-05-31 20:59:31,27.4,79.5667,91.8,37,79,8.84,broken clouds
605,Sioux Lookout,CA,2021-05-31 20:59:31,50.1001,-91.917,68.38,40,20,10.36,few clouds
606,Tiarei,PF,2021-05-31 20:59:32,-17.5333,-149.3333,84.22,64,28,16.73,scattered clouds
607,Linhares,BR,2021-05-31 20:59:32,-19.3911,-40.0722,74.98,80,100,6.33,overcast clouds
608,San Rafael,AR,2021-05-31 20:59:33,-34.6177,-68.3301,66.47,29,21,8.66,few clouds
609,Bakersfield,US,2021-05-31 20:54:39,35.3733,-119.0187,105.84,10,0,9.06,clear sky
610,Pastavy,BY,2021-05-31 20:57:12,55.1168,26.8326,46.18,72,100,5.32,overcast clouds
611,Inyonga,TZ,2021-05-31 20:59:34,-6.7167,32.0667,62.96,61,27,5.28,scattered clouds
612,Amiens,FR,2021-05-31 20:59:35,49.9,2.3,61.79,84,0,5.95,clear sky
613,Tucuru,GT,2021-05-31 20:59:36,15.3,-90.0667,92.88,89,69,4.0,broken clouds
614,Ankazobe,MG,2021-05-31 20:59:36,-18.3167,47.1167,63.01,82,53,4.05,broken clouds
615,Fereydun Kenar,IR,2021-05-31 20:59:37,36.6864,52.5225,71.02,76,0,2.68,clear sky
616,Bayanday,RU,2021-05-31 20:59:37,53.0661,105.5139,32.72,88,100,6.67,overcast clouds
617,Saravena,CO,2021-05-31 20:59:37,6.9538,-71.8752,87.53,54,34,2.39,scattered clouds
618,Kyzyl-Mazhalyk,RU,2021-05-31 20:59:38,51.1333,90.6,47.48,51,0,2.39,clear sky
619,Saint-Leu,RE,2021-05-31 20:59:38,-21.15,55.2833,70.63,88,0,1.77,clear sky
620,Staicele,LV,2021-05-31 20:56:16,57.8364,24.75,49.37,61,100,3.44,overcast clouds
621,Geraldton,AU,2021-05-31 20:59:39,-28.7667,114.6,50.41,93,0,10.56,clear sky
622,Shimoda,JP,2021-05-31 20:59:39,34.6667,138.95,66.11,85,45,16.53,scattered clouds
623,Greenville,US,2021-05-31 20:59:12,35.6127,-77.3663,76.62,54,1,3.44,clear sky
624,Bongandanga,CD,2021-05-31 20:59:40,1.5,21.05,72.88,94,100,2.13,overcast clouds
625,Makinsk,KZ,2021-05-31 20:59:40,52.6292,70.4169,56.73,91,87,7.18,overcast clouds
626,Lithakia,GR,2021-05-31 20:59:40,37.7167,20.8333,63.77,64,47,19.22,scattered clouds
627,Orcopampa,PE,2021-05-31 20:59:41,-15.2661,-72.3417,54.09,41,99,9.48,overcast clouds
628,Paris,FR,2021-05-31 20:56:39,48.8534,2.3488,66.7,51,0,6.69,clear sky
629,Nemuro,JP,2021-05-31 20:59:41,43.3236,145.575,41.5,80,30,12.59,scattered clouds
630,Izumo,JP,2021-05-31 20:59:42,35.3667,132.7667,55.35,77,0,7.0,clear sky
631,Peniche,PT,2021-05-31 20:59:42,39.3558,-9.3811,65.73,90,96,8.52,overcast clouds
632,Ivanivka,UA,2021-05-31 20:59:43,46.7208,34.553,57.34,92,100,16.02,overcast clouds
633,Tromso,NO,2021-05-31 20:59:43,69.6496,18.957,48.85,87,75,2.3,broken clouds
634,Kovdor,RU,2021-05-31 20:59:44,67.5662,30.4758,44.91,70,100,5.01,overcast clouds
635,La Crosse,US,2021-05-31 20:59:45,43.8014,-91.2396,75.76,76,36,9.55,scattered clouds
636,San Luis,AR,2021-05-31 20:59:46,-33.295,-66.3356,62.35,34,7,11.68,clear sky
637,Winnemucca,US,2021-05-31 20:59:46,40.973,-117.7357,82.11,19,27,4.12,scattered clouds
638,Bakchar,RU,2021-05-31 20:59:46,57.0186,82.0711,59.2,88,71,7.07,broken clouds
639,Puerto Leguizamo,CO,2021-05-31 20:59:47,-0.1934,-74.7819,72.16,99,100,0.67,overcast clouds
640,Yebaishou,CN,2021-05-31 20:59:47,41.3975,119.6408,57.61,64,100,7.14,overcast clouds
641,Bafoussam,CM,2021-05-31 20:59:48,5.4737,10.4179,61.21,94,99,3.06,light rain
642,Suntar,RU,2021-05-31 20:59:48,62.1444,117.6319,56.25,66,43,4.34,scattered clouds
643,Sosnovka,RU,2021-05-31 20:59:48,56.255,51.2842,47.82,81,100,3.51,overcast clouds
644,Uchkent,RU,2021-05-31 20:59:49,43.1143,47.0826,61.14,72,46,3.85,scattered clouds
645,Bachaquero,VE,2021-05-31 20:59:49,9.9694,-71.1494,87.21,63,96,4.92,overcast clouds
646,Batemans Bay,AU,2021-05-31 20:59:50,-35.7167,150.1833,41.92,70,97,4.43,overcast clouds
647,Kangaatsiaq,GL,2021-05-31 20:59:50,68.3065,-53.4641,32.9,84,78,8.66,broken clouds
648,Kropotkin,RU,2021-05-31 20:59:50,45.4375,40.5756,62.51,77,91,10.2,overcast clouds
649,San Quintin,MX,2021-05-31 20:59:51,30.4833,-115.95,65.93,63,1,10.25,clear sky
650,Mattru,SL,2021-05-31 20:59:52,7.6244,-11.8332,71.87,98,100,1.72,overcast clouds
651,Skelleftea,SE,2021-05-31 20:59:52,64.7507,20.9528,51.01,58,100,2.66,overcast clouds
652,Vazhiny,RU,2021-05-31 20:59:53,60.9644,34.0222,44.4,75,99,3.87,overcast clouds
653,Nchelenge,ZM,2021-05-31 20:59:53,-9.3451,28.734,65.89,62,28,6.11,scattered clouds
654,Kodinsk,RU,2021-05-31 20:59:54,58.6881,99.1844,41.7,81,2,1.77,clear sky
655,Lagos,NG,2021-05-31 20:59:54,6.5833,3.75,84.52,82,98,5.86,overcast clouds
656,Broome,US,2021-05-31 20:59:55,42.2506,-75.833,70.7,41,19,4.0,few clouds
657,Lincoln,US,2021-05-31 20:59:15,40.8,-96.667,76.28,50,79,1.99,broken clouds
658,Diego De Almagro,CL,2021-05-31 20:59:56,-26.3667,-70.05,76.33,20,0,8.34,clear sky
659,Esfahan,IR,2021-05-31 20:59:56,32.6572,51.6776,76.64,12,0,3.67,clear sky
660,Gamboma,CG,2021-05-31 20:59:57,-1.8764,15.8644,79.27,64,77,2.68,broken clouds
661,Tonantins,BR,2021-05-31 20:59:57,-2.8731,-67.8022,83.62,78,22,3.15,few clouds
662,Itapaci,BR,2021-05-31 20:59:58,-14.9508,-49.5494,78.4,43,73,1.45,broken clouds
663,Lianran,CN,2021-05-31 20:59:58,24.9227,102.485,63.14,95,48,2.89,scattered clouds
664,Vyazma,RU,2021-05-31 20:59:58,55.2104,34.2951,40.55,73,11,2.17,few clouds
665,Trairi,BR,2021-05-31 20:55:22,-3.2778,-39.2689,79.48,80,7,10.87,clear sky
666,Tilichiki,RU,2021-05-31 20:59:59,60.4667,166.1,43.9,66,93,4.03,overcast clouds
667,Calape,PH,2021-05-31 20:59:59,9.8922,123.8748,78.78,76,100,4.05,overcast clouds
668,Storforshei,NO,2021-05-31 21:00:00,66.4043,14.5233,53.38,66,0,3.53,clear sky
669,Tadine,NC,2021-05-31 21:00:00,-21.55,167.8833,70.61,58,65,16.33,broken clouds
670,Sitio Novo Do Tocantins,BR,2021-05-31 21:00:01,-5.5183,-47.4611,78.62,60,0,2.21,clear sky
671,Dingle,PH,2021-05-31 21:00:01,10.9995,122.6711,77.7,87,100,1.48,moderate rain
672,Martil,MA,2021-05-31 21:00:02,35.6166,-5.2752,66.27,90,49,1.39,scattered clouds
673,Obo,CF,2021-05-31 21:00:03,5.3998,26.4869,73.08,69,44,3.58,scattered clouds
674,Christchurch,NZ,2021-05-31 20:59:32,-43.5333,172.6333,48.0,97,90,1.99,overcast clouds
675,Casa Nova,BR,2021-05-31 21:00:09,-9.4167,-41.1333,81.93,56,52,16.87,broken clouds
676,Brigantine,US,2021-05-31 21:00:11,39.4101,-74.3646,75.0,46,90,9.22,overcast clouds
677,Oxapampa,PE,2021-05-31 21:00:12,-10.5775,-75.4017,62.33,98,99,1.79,overcast clouds
678,Mosquera,CO,2021-05-31 21:00:11,4.7059,-74.2302,61.2,82,87,2.06,overcast clouds
679,Nampula,MZ,2021-05-31 21:00:13,-15.1165,39.2666,65.98,97,79,2.51,broken clouds
680,Rosario,AR,2021-05-31 20:59:09,-32.9468,-60.6393,71.51,40,0,3.87,clear sky
681,Aksu,CN,2021-05-31 21:00:15,41.1231,80.2644,71.6,38,90,10.47,overcast clouds
682,San Ignacio,BZ,2021-05-31 20:56:06,17.1561,-89.0714,95.14,46,75,9.82,broken clouds
683,Pong,TH,2021-05-31 21:00:16,19.1493,100.2752,74.97,96,86,1.66,overcast clouds
684,Chicama,PE,2021-05-31 21:00:16,-7.8447,-79.1469,72.19,70,98,9.15,overcast clouds
685,Beni Mazar,EG,2021-05-31 21:00:16,28.4962,30.8029,85.06,29,0,19.06,clear sky
686,Comodoro Rivadavia,AR,2021-05-31 20:56:14,-45.8667,-67.5,44.46,87,40,2.3,scattered clouds
687,Sampit,ID,2021-05-31 21:00:17,-2.5333,112.95,73.92,98,96,2.24,overcast clouds
688,Buribay,RU,2021-05-31 21:00:17,51.9617,58.1592,62.64,77,24,15.21,few clouds
689,Pampierstad,ZA,2021-05-31 21:00:18,-27.7832,24.6877,44.73,39,0,8.32,clear sky
690,Enshi,CN,2021-05-31 21:00:18,30.3,109.4833,69.28,78,88,1.41,light rain
691,Sisimiut,GL,2021-05-31 21:00:18,66.9395,-53.6735,36.88,79,79,8.66,broken clouds
692,Pasuruan,ID,2021-05-31 21:00:19,-7.6453,112.9075,78.69,87,66,3.71,broken clouds
693,Sept-Iles,CA,2021-05-31 21:00:19,50.2001,-66.3821,46.26,90,90,5.01,mist
694,Abu Zabad,SD,2021-05-31 21:00:20,12.35,29.25,89.46,31,21,5.46,few clouds
695,Negombo,LK,2021-05-31 21:00:21,7.2083,79.8358,84.25,79,20,9.22,few clouds
696,Myitkyina,MM,2021-05-31 21:00:22,25.3833,97.4,73.54,99,94,0.81,overcast clouds
697,Grenville,GD,2021-05-31 21:00:22,12.1167,-61.6167,80.82,79,85,18.81,overcast clouds
698,Vostok,RU,2021-05-31 21:00:23,46.4856,135.8833,47.48,78,20,2.17,few clouds
699,Ojinaga,MX,2021-05-31 21:00:24,29.5667,-104.4167,92.35,31,1,5.75,clear sky
700,Barcea,RO,2021-05-31 21:00:25,45.75,27.4667,56.8,77,100,9.37,light rain
701,Olonets,RU,2021-05-31 21:00:25,60.9847,32.9698,42.71,76,100,4.72,overcast clouds
702,Zhicheng,CN,2021-05-31 21:00:26,30.2956,111.5047,75.76,91,13,2.24,light rain
703,Yokadouma,CM,2021-05-31 21:00:26,3.5167,15.05,71.47,97,100,2.1,overcast clouds
704,Tottori,JP,2021-05-31 21:00:26,35.5,134.2333,58.42,69,0,3.67,clear sky
705,Chimore,BO,2021-05-31 21:00:27,-16.9833,-65.1333,69.96,70,100,1.77,overcast clouds
706,Weiden,DE,2021-05-31 21:00:27,49.6775,12.1567,53.24,67,30,3.51,scattered clouds
707,Praia Da Vitoria,PT,2021-05-31 21:00:28,38.7333,-27.0667,61.75,74,97,16.06,overcast clouds
708,Tevriz,RU,2021-05-31 21:00:28,57.509,72.4042,47.43,88,100,10.92,overcast clouds
709,Qaqortoq,GL,2021-05-31 21:00:29,60.7167,-46.0333,48.7,84,64,6.29,broken clouds
710,Trebisacce,IT,2021-05-31 21:00:29,39.8708,16.5312,58.69,55,20,3.67,few clouds
711,Cordoba,AR,2021-05-31 20:57:27,-31.4135,-64.1811,77.85,19,0,6.76,clear sky
712,Nalut,LY,2021-05-31 21:00:29,30.3333,10.85,86.95,18,24,10.76,few clouds
713,Alihe,CN,2021-05-31 21:00:30,50.5667,123.7167,53.24,99,100,12.15,moderate rain
714,Zalegoshch,RU,2021-05-31 21:00:31,52.9008,36.8869,38.43,93,16,5.48,few clouds
715,Kandi,BJ,2021-05-31 21:00:31,11.1342,2.9386,93.0,23,99,3.94,overcast clouds
716,Mutata,CO,2021-05-31 21:00:32,7.2441,-76.4356,79.77,94,94,1.34,overcast clouds
717,Tsabong,BW,2021-05-31 21:00:32,-26.0217,22.401,50.92,34,0,12.35,clear sky
